deviation_id,category,stage,portfolio_name,market,model_or_variant,date_start,date_end,allowed_by_protocol,fatal,reason,handling,result_rows_affected,recorded_at_utc
D0001,predeclared_provider_fallback,snapshot_acquisition,hk_cross_asset_zero_overlap,hk,,2026-05-18,2026-07-31,True,False,yahoo_chart|mixed,retained provider chain and warnings; no substitution,retained_not_imputed,2026-08-03T18:56:56+00:00
D0002,predeclared_provider_fallback,snapshot_acquisition,cn_consumption_resource_zero_overlap,cn,,2026-05-18,2026-07-31,True,False,akshare|yahoo_chart_cn,retained provider chain and warnings; no substitution,retained_not_imputed,2026-08-03T18:57:08+00:00
D0003,predeclared_provider_fallback,snapshot_acquisition,cn_state_resource_zero_overlap,cn,,2026-05-18,2026-07-31,True,False,yahoo_chart_cn,retained provider chain and warnings; no substitution,retained_not_imputed,2026-08-03T18:57:11+00:00
D0004,predeclared_provider_fallback,snapshot_acquisition,tw_supply_chain_zero_overlap,tw,,2026-05-18,2026-07-31,True,False,yahoo_chart|mixed,retained provider chain and warnings; no substitution,retained_not_imputed,2026-08-03T18:57:29+00:00
D0005,predeclared_same_index_temporal_completeness_fallback,snapshot_acquisition,cn_consumption_resource_zero_overlap,cn,,2026-05-18,2026-07-31,True,False,primary_observed_end=2026-07-17,same index code retained; official CSIndex frame passed frozen identity and temporal gates,retained_not_imputed,2026-08-03T18:57:30+00:00
D0006,predeclared_same_index_temporal_completeness_fallback,snapshot_acquisition,cn_state_resource_zero_overlap,cn,,2026-05-18,2026-07-31,True,False,primary_observed_end=2026-07-17,same index code retained; official CSIndex frame passed frozen identity and temporal gates,retained_not_imputed,2026-08-03T18:57:30+00:00
D0007,model_convergence_or_optimizer_failure,fit_calibrate_predict,,,temporal_mlp,2026-05-18,2026-07-31,True,False,ConvergenceWarning: Stochastic Optimizer: Maximum iterations (40) reached and the optimization hasn't converged yet.,successful warned model repeat retained without tuning,retained_not_imputed,2026-08-03T18:59:47+00:00
D0008,model_convergence_or_optimizer_failure,fit_calibrate_predict,,,temporal_mlp,2026-05-18,2026-07-31,True,False,ConvergenceWarning: Stochastic Optimizer: Maximum iterations (40) reached and the optimization hasn't converged yet.,successful warned model repeat retained without tuning,retained_not_imputed,2026-08-03T18:59:47+00:00
D0009,model_convergence_or_optimizer_failure,fit_calibrate_predict,,,temporal_mlp,2026-05-18,2026-07-31,True,False,ConvergenceWarning: Stochastic Optimizer: Maximum iterations (40) reached and the optimization hasn't converged yet.,successful warned model repeat retained without tuning,retained_not_imputed,2026-08-03T18:59:47+00:00
D0010,model_convergence_or_optimizer_failure,fit_calibrate_predict,,,temporal_mlp,2026-05-18,2026-07-31,True,False,ConvergenceWarning: Stochastic Optimizer: Maximum iterations (40) reached and the optimization hasn't converged yet.,successful warned model repeat retained without tuning,retained_not_imputed,2026-08-03T18:59:47+00:00
D0011,model_convergence_or_optimizer_failure,fit_calibrate_predict,,,temporal_mlp,2026-05-18,2026-07-31,True,False,ConvergenceWarning: Stochastic Optimizer: Maximum iterations (40) reached and the optimization hasn't converged yet.,successful warned model repeat retained without tuning,retained_not_imputed,2026-08-03T18:59:47+00:00
D0012,predeclared_slice_not_estimable,warning_inference,,,xgboost_retrained_comparator,2026-05-18,2026-07-31,True,False,xgboost_retrained_comparator/average_precision/market=us: fewer than 20 positive events,planned slice retained as not_estimable,retained_not_imputed,2026-08-03T19:00:10+00:00
D0013,predeclared_slice_not_estimable,warning_inference,,,xgboost_retrained_comparator,2026-05-18,2026-07-31,True,False,xgboost_retrained_comparator/brier_score/market=us: fewer than 20 positive events,planned slice retained as not_estimable,retained_not_imputed,2026-08-03T19:00:10+00:00
D0014,predeclared_slice_not_estimable,warning_inference,,,xgboost_retrained_comparator,2026-05-18,2026-07-31,True,False,xgboost_retrained_comparator/recall_at_frozen_threshold/market=us: fewer than 20 positive events,planned slice retained as not_estimable,retained_not_imputed,2026-08-03T19:00:10+00:00
D0015,predeclared_slice_not_estimable,warning_inference,,,xgboost_retrained_comparator,2026-05-18,2026-07-31,True,False,xgboost_retrained_comparator/average_precision/market=hk: fewer than 20 positive events,planned slice retained as not_estimable,retained_not_imputed,2026-08-03T19:00:10+00:00
D0016,predeclared_slice_not_estimable,warning_inference,,,xgboost_retrained_comparator,2026-05-18,2026-07-31,True,False,xgboost_retrained_comparator/brier_score/market=hk: fewer than 20 positive events,planned slice retained as not_estimable,retained_not_imputed,2026-08-03T19:00:10+00:00
D0017,predeclared_slice_not_estimable,warning_inference,,,xgboost_retrained_comparator,2026-05-18,2026-07-31,True,False,xgboost_retrained_comparator/recall_at_frozen_threshold/market=hk: fewer than 20 positive events,planned slice retained as not_estimable,retained_not_imputed,2026-08-03T19:00:10+00:00
D0018,predeclared_slice_not_estimable,warning_inference,,,xgboost_retrained_comparator,2026-05-18,2026-07-31,True,False,xgboost_retrained_comparator/average_precision/market=cn: fewer than 20 positive events,planned slice retained as not_estimable,retained_not_imputed,2026-08-03T19:00:10+00:00
D0019,predeclared_slice_not_estimable,warning_inference,,,xgboost_retrained_comparator,2026-05-18,2026-07-31,True,False,xgboost_retrained_comparator/brier_score/market=cn: fewer than 20 positive events,planned slice retained as not_estimable,retained_not_imputed,2026-08-03T19:00:10+00:00
D0020,predeclared_slice_not_estimable,warning_inference,,,xgboost_retrained_comparator,2026-05-18,2026-07-31,True,False,xgboost_retrained_comparator/recall_at_frozen_threshold/market=cn: fewer than 20 positive events,planned slice retained as not_estimable,retained_not_imputed,2026-08-03T19:00:10+00:00
D0021,predeclared_slice_not_estimable,warning_inference,,,xgboost_retrained_comparator,2026-05-18,2026-07-31,True,False,xgboost_retrained_comparator/average_precision/market=jp: fewer than 20 positive events,planned slice retained as not_estimable,retained_not_imputed,2026-08-03T19:00:10+00:00
D0022,predeclared_slice_not_estimable,warning_inference,,,xgboost_retrained_comparator,2026-05-18,2026-07-31,True,False,xgboost_retrained_comparator/brier_score/market=jp: fewer than 20 positive events,planned slice retained as not_estimable,retained_not_imputed,2026-08-03T19:00:10+00:00
D0023,predeclared_slice_not_estimable,warning_inference,,,xgboost_retrained_comparator,2026-05-18,2026-07-31,True,False,xgboost_retrained_comparator/recall_at_frozen_threshold/market=jp: fewer than 20 positive events,planned slice retained as not_estimable,retained_not_imputed,2026-08-03T19:00:10+00:00
D0024,predeclared_slice_not_estimable,warning_inference,,,xgboost_retrained_comparator,2026-05-18,2026-07-31,True,False,xgboost_retrained_comparator/average_precision/market=tw: fewer than 20 positive events,planned slice retained as not_estimable,retained_not_imputed,2026-08-03T19:00:10+00:00
D0025,predeclared_slice_not_estimable,warning_inference,,,xgboost_retrained_comparator,2026-05-18,2026-07-31,True,False,xgboost_retrained_comparator/brier_score/market=tw: fewer than 20 positive events,planned slice retained as not_estimable,retained_not_imputed,2026-08-03T19:00:10+00:00
D0026,predeclared_slice_not_estimable,warning_inference,,,xgboost_retrained_comparator,2026-05-18,2026-07-31,True,False,xgboost_retrained_comparator/recall_at_frozen_threshold/market=tw: fewer than 20 positive events,planned slice retained as not_estimable,retained_not_imputed,2026-08-03T19:00:10+00:00
D0027,predeclared_slice_not_estimable,warning_inference,,,xgboost_retrained_comparator,2026-05-18,2026-07-31,True,False,xgboost_retrained_comparator/average_precision/period=early: fewer than 40 unique dates,planned slice retained as not_estimable,retained_not_imputed,2026-08-03T19:00:10+00:00
D0028,predeclared_slice_not_estimable,warning_inference,,,xgboost_retrained_comparator,2026-05-18,2026-07-31,True,False,xgboost_retrained_comparator/brier_score/period=early: fewer than 40 unique dates,planned slice retained as not_estimable,retained_not_imputed,2026-08-03T19:00:10+00:00
D0029,predeclared_slice_not_estimable,warning_inference,,,xgboost_retrained_comparator,2026-05-18,2026-07-31,True,False,xgboost_retrained_comparator/recall_at_frozen_threshold/period=early: fewer than 40 unique dates,planned slice retained as not_estimable,retained_not_imputed,2026-08-03T19:00:10+00:00
D0030,predeclared_slice_not_estimable,warning_inference,,,xgboost_retrained_comparator,2026-05-18,2026-07-31,True,False,xgboost_retrained_comparator/average_precision/period=late: fewer than 40 unique dates,planned slice retained as not_estimable,retained_not_imputed,2026-08-03T19:00:10+00:00
D0031,predeclared_slice_not_estimable,warning_inference,,,xgboost_retrained_comparator,2026-05-18,2026-07-31,True,False,xgboost_retrained_comparator/brier_score/period=late: fewer than 40 unique dates,planned slice retained as not_estimable,retained_not_imputed,2026-08-03T19:00:10+00:00
D0032,predeclared_slice_not_estimable,warning_inference,,,xgboost_retrained_comparator,2026-05-18,2026-07-31,True,False,xgboost_retrained_comparator/recall_at_frozen_threshold/period=late: fewer than 40 unique dates,planned slice retained as not_estimable,retained_not_imputed,2026-08-03T19:00:10+00:00
D0033,predeclared_slice_not_estimable,warning_inference,,,xgboost_retrained_comparator,2026-05-18,2026-07-31,True,False,xgboost_retrained_comparator/average_precision/regime=calm: fewer than 40 unique dates,planned slice retained as not_estimable,retained_not_imputed,2026-08-03T19:00:10+00:00
D0034,predeclared_slice_not_estimable,warning_inference,,,xgboost_retrained_comparator,2026-05-18,2026-07-31,True,False,xgboost_retrained_comparator/brier_score/regime=calm: fewer than 40 unique dates,planned slice retained as not_estimable,retained_not_imputed,2026-08-03T19:00:10+00:00
D0035,predeclared_slice_not_estimable,warning_inference,,,xgboost_retrained_comparator,2026-05-18,2026-07-31,True,False,xgboost_retrained_comparator/recall_at_frozen_threshold/regime=calm: fewer than 40 unique dates,planned slice retained as not_estimable,retained_not_imputed,2026-08-03T19:00:10+00:00
D0036,predeclared_slice_not_estimable,warning_inference,,,logistic_regression,2026-05-18,2026-07-31,True,False,logistic_regression/average_precision/market=us: fewer than 20 positive events,planned slice retained as not_estimable,retained_not_imputed,2026-08-03T19:00:22+00:00
D0037,predeclared_slice_not_estimable,warning_inference,,,logistic_regression,2026-05-18,2026-07-31,True,False,logistic_regression/brier_score/market=us: fewer than 20 positive events,planned slice retained as not_estimable,retained_not_imputed,2026-08-03T19:00:22+00:00
D0038,predeclared_slice_not_estimable,warning_inference,,,logistic_regression,2026-05-18,2026-07-31,True,False,logistic_regression/recall_at_frozen_threshold/market=us: fewer than 20 positive events,planned slice retained as not_estimable,retained_not_imputed,2026-08-03T19:00:22+00:00
D0039,predeclared_slice_not_estimable,warning_inference,,,logistic_regression,2026-05-18,2026-07-31,True,False,logistic_regression/average_precision/market=hk: fewer than 20 positive events,planned slice retained as not_estimable,retained_not_imputed,2026-08-03T19:00:22+00:00
D0040,predeclared_slice_not_estimable,warning_inference,,,logistic_regression,2026-05-18,2026-07-31,True,False,logistic_regression/brier_score/market=hk: fewer than 20 positive events,planned slice retained as not_estimable,retained_not_imputed,2026-08-03T19:00:22+00:00
D0041,predeclared_slice_not_estimable,warning_inference,,,logistic_regression,2026-05-18,2026-07-31,True,False,logistic_regression/recall_at_frozen_threshold/market=hk: fewer than 20 positive events,planned slice retained as not_estimable,retained_not_imputed,2026-08-03T19:00:22+00:00
D0042,predeclared_slice_not_estimable,warning_inference,,,logistic_regression,2026-05-18,2026-07-31,True,False,logistic_regression/average_precision/market=cn: fewer than 20 positive events,planned slice retained as not_estimable,retained_not_imputed,2026-08-03T19:00:22+00:00
D0043,predeclared_slice_not_estimable,warning_inference,,,logistic_regression,2026-05-18,2026-07-31,True,False,logistic_regression/brier_score/market=cn: fewer than 20 positive events,planned slice retained as not_estimable,retained_not_imputed,2026-08-03T19:00:22+00:00
D0044,predeclared_slice_not_estimable,warning_inference,,,logistic_regression,2026-05-18,2026-07-31,True,False,logistic_regression/recall_at_frozen_threshold/market=cn: fewer than 20 positive events,planned slice retained as not_estimable,retained_not_imputed,2026-08-03T19:00:22+00:00
D0045,predeclared_slice_not_estimable,warning_inference,,,logistic_regression,2026-05-18,2026-07-31,True,False,logistic_regression/average_precision/market=jp: fewer than 20 positive events,planned slice retained as not_estimable,retained_not_imputed,2026-08-03T19:00:22+00:00
D0046,predeclared_slice_not_estimable,warning_inference,,,logistic_regression,2026-05-18,2026-07-31,True,False,logistic_regression/brier_score/market=jp: fewer than 20 positive events,planned slice retained as not_estimable,retained_not_imputed,2026-08-03T19:00:22+00:00
D0047,predeclared_slice_not_estimable,warning_inference,,,logistic_regression,2026-05-18,2026-07-31,True,False,logistic_regression/recall_at_frozen_threshold/market=jp: fewer than 20 positive events,planned slice retained as not_estimable,retained_not_imputed,2026-08-03T19:00:22+00:00
D0048,predeclared_slice_not_estimable,warning_inference,,,logistic_regression,2026-05-18,2026-07-31,True,False,logistic_regression/average_precision/market=tw: fewer than 20 positive events,planned slice retained as not_estimable,retained_not_imputed,2026-08-03T19:00:22+00:00
D0049,predeclared_slice_not_estimable,warning_inference,,,logistic_regression,2026-05-18,2026-07-31,True,False,logistic_regression/brier_score/market=tw: fewer than 20 positive events,planned slice retained as not_estimable,retained_not_imputed,2026-08-03T19:00:22+00:00
D0050,predeclared_slice_not_estimable,warning_inference,,,logistic_regression,2026-05-18,2026-07-31,True,False,logistic_regression/recall_at_frozen_threshold/market=tw: fewer than 20 positive events,planned slice retained as not_estimable,retained_not_imputed,2026-08-03T19:00:22+00:00
D0051,predeclared_slice_not_estimable,warning_inference,,,logistic_regression,2026-05-18,2026-07-31,True,False,logistic_regression/average_precision/period=early: fewer than 40 unique dates,planned slice retained as not_estimable,retained_not_imputed,2026-08-03T19:00:22+00:00
D0052,predeclared_slice_not_estimable,warning_inference,,,logistic_regression,2026-05-18,2026-07-31,True,False,logistic_regression/brier_score/period=early: fewer than 40 unique dates,planned slice retained as not_estimable,retained_not_imputed,2026-08-03T19:00:22+00:00
D0053,predeclared_slice_not_estimable,warning_inference,,,logistic_regression,2026-05-18,2026-07-31,True,False,logistic_regression/recall_at_frozen_threshold/period=early: fewer than 40 unique dates,planned slice retained as not_estimable,retained_not_imputed,2026-08-03T19:00:22+00:00
D0054,predeclared_slice_not_estimable,warning_inference,,,logistic_regression,2026-05-18,2026-07-31,True,False,logistic_regression/average_precision/period=late: fewer than 40 unique dates,planned slice retained as not_estimable,retained_not_imputed,2026-08-03T19:00:22+00:00
D0055,predeclared_slice_not_estimable,warning_inference,,,logistic_regression,2026-05-18,2026-07-31,True,False,logistic_regression/brier_score/period=late: fewer than 40 unique dates,planned slice retained as not_estimable,retained_not_imputed,2026-08-03T19:00:22+00:00
D0056,predeclared_slice_not_estimable,warning_inference,,,logistic_regression,2026-05-18,2026-07-31,True,False,logistic_regression/recall_at_frozen_threshold/period=late: fewer than 40 unique dates,planned slice retained as not_estimable,retained_not_imputed,2026-08-03T19:00:22+00:00
D0057,predeclared_slice_not_estimable,warning_inference,,,logistic_regression,2026-05-18,2026-07-31,True,False,logistic_regression/average_precision/regime=calm: fewer than 40 unique dates,planned slice retained as not_estimable,retained_not_imputed,2026-08-03T19:00:22+00:00
D0058,predeclared_slice_not_estimable,warning_inference,,,logistic_regression,2026-05-18,2026-07-31,True,False,logistic_regression/brier_score/regime=calm: fewer than 40 unique dates,planned slice retained as not_estimable,retained_not_imputed,2026-08-03T19:00:22+00:00
D0059,predeclared_slice_not_estimable,warning_inference,,,logistic_regression,2026-05-18,2026-07-31,True,False,logistic_regression/recall_at_frozen_threshold/regime=calm: fewer than 40 unique dates,planned slice retained as not_estimable,retained_not_imputed,2026-08-03T19:00:22+00:00
D0060,predeclared_slice_not_estimable,warning_inference,,,random_forest,2026-05-18,2026-07-31,True,False,random_forest/average_precision/market=us: fewer than 20 positive events,planned slice retained as not_estimable,retained_not_imputed,2026-08-03T19:00:32+00:00
D0061,predeclared_slice_not_estimable,warning_inference,,,random_forest,2026-05-18,2026-07-31,True,False,random_forest/brier_score/market=us: fewer than 20 positive events,planned slice retained as not_estimable,retained_not_imputed,2026-08-03T19:00:32+00:00
D0062,predeclared_slice_not_estimable,warning_inference,,,random_forest,2026-05-18,2026-07-31,True,False,random_forest/recall_at_frozen_threshold/market=us: fewer than 20 positive events,planned slice retained as not_estimable,retained_not_imputed,2026-08-03T19:00:32+00:00
D0063,predeclared_slice_not_estimable,warning_inference,,,random_forest,2026-05-18,2026-07-31,True,False,random_forest/average_precision/market=hk: fewer than 20 positive events,planned slice retained as not_estimable,retained_not_imputed,2026-08-03T19:00:32+00:00
D0064,predeclared_slice_not_estimable,warning_inference,,,random_forest,2026-05-18,2026-07-31,True,False,random_forest/brier_score/market=hk: fewer than 20 positive events,planned slice retained as not_estimable,retained_not_imputed,2026-08-03T19:00:32+00:00
D0065,predeclared_slice_not_estimable,warning_inference,,,random_forest,2026-05-18,2026-07-31,True,False,random_forest/recall_at_frozen_threshold/market=hk: fewer than 20 positive events,planned slice retained as not_estimable,retained_not_imputed,2026-08-03T19:00:32+00:00
D0066,predeclared_slice_not_estimable,warning_inference,,,random_forest,2026-05-18,2026-07-31,True,False,random_forest/average_precision/market=cn: fewer than 20 positive events,planned slice retained as not_estimable,retained_not_imputed,2026-08-03T19:00:32+00:00
D0067,predeclared_slice_not_estimable,warning_inference,,,random_forest,2026-05-18,2026-07-31,True,False,random_forest/brier_score/market=cn: fewer than 20 positive events,planned slice retained as not_estimable,retained_not_imputed,2026-08-03T19:00:32+00:00
D0068,predeclared_slice_not_estimable,warning_inference,,,random_forest,2026-05-18,2026-07-31,True,False,random_forest/recall_at_frozen_threshold/market=cn: fewer than 20 positive events,planned slice retained as not_estimable,retained_not_imputed,2026-08-03T19:00:32+00:00
D0069,predeclared_slice_not_estimable,warning_inference,,,random_forest,2026-05-18,2026-07-31,True,False,random_forest/average_precision/market=jp: fewer than 20 positive events,planned slice retained as not_estimable,retained_not_imputed,2026-08-03T19:00:32+00:00
D0070,predeclared_slice_not_estimable,warning_inference,,,random_forest,2026-05-18,2026-07-31,True,False,random_forest/brier_score/market=jp: fewer than 20 positive events,planned slice retained as not_estimable,retained_not_imputed,2026-08-03T19:00:32+00:00
D0071,predeclared_slice_not_estimable,warning_inference,,,random_forest,2026-05-18,2026-07-31,True,False,random_forest/recall_at_frozen_threshold/market=jp: fewer than 20 positive events,planned slice retained as not_estimable,retained_not_imputed,2026-08-03T19:00:32+00:00
D0072,predeclared_slice_not_estimable,warning_inference,,,random_forest,2026-05-18,2026-07-31,True,False,random_forest/average_precision/market=tw: fewer than 20 positive events,planned slice retained as not_estimable,retained_not_imputed,2026-08-03T19:00:32+00:00
D0073,predeclared_slice_not_estimable,warning_inference,,,random_forest,2026-05-18,2026-07-31,True,False,random_forest/brier_score/market=tw: fewer than 20 positive events,planned slice retained as not_estimable,retained_not_imputed,2026-08-03T19:00:32+00:00
D0074,predeclared_slice_not_estimable,warning_inference,,,random_forest,2026-05-18,2026-07-31,True,False,random_forest/recall_at_frozen_threshold/market=tw: fewer than 20 positive events,planned slice retained as not_estimable,retained_not_imputed,2026-08-03T19:00:32+00:00
D0075,predeclared_slice_not_estimable,warning_inference,,,random_forest,2026-05-18,2026-07-31,True,False,random_forest/average_precision/period=early: fewer than 40 unique dates,planned slice retained as not_estimable,retained_not_imputed,2026-08-03T19:00:33+00:00
D0076,predeclared_slice_not_estimable,warning_inference,,,random_forest,2026-05-18,2026-07-31,True,False,random_forest/brier_score/period=early: fewer than 40 unique dates,planned slice retained as not_estimable,retained_not_imputed,2026-08-03T19:00:33+00:00
D0077,predeclared_slice_not_estimable,warning_inference,,,random_forest,2026-05-18,2026-07-31,True,False,random_forest/recall_at_frozen_threshold/period=early: fewer than 40 unique dates,planned slice retained as not_estimable,retained_not_imputed,2026-08-03T19:00:33+00:00
D0078,predeclared_slice_not_estimable,warning_inference,,,random_forest,2026-05-18,2026-07-31,True,False,random_forest/average_precision/period=late: fewer than 40 unique dates,planned slice retained as not_estimable,retained_not_imputed,2026-08-03T19:00:33+00:00
D0079,predeclared_slice_not_estimable,warning_inference,,,random_forest,2026-05-18,2026-07-31,True,False,random_forest/brier_score/period=late: fewer than 40 unique dates,planned slice retained as not_estimable,retained_not_imputed,2026-08-03T19:00:33+00:00
D0080,predeclared_slice_not_estimable,warning_inference,,,random_forest,2026-05-18,2026-07-31,True,False,random_forest/recall_at_frozen_threshold/period=late: fewer than 40 unique dates,planned slice retained as not_estimable,retained_not_imputed,2026-08-03T19:00:33+00:00
D0081,predeclared_slice_not_estimable,warning_inference,,,random_forest,2026-05-18,2026-07-31,True,False,random_forest/average_precision/regime=calm: fewer than 40 unique dates,planned slice retained as not_estimable,retained_not_imputed,2026-08-03T19:00:33+00:00
D0082,predeclared_slice_not_estimable,warning_inference,,,random_forest,2026-05-18,2026-07-31,True,False,random_forest/brier_score/regime=calm: fewer than 40 unique dates,planned slice retained as not_estimable,retained_not_imputed,2026-08-03T19:00:33+00:00
D0083,predeclared_slice_not_estimable,warning_inference,,,random_forest,2026-05-18,2026-07-31,True,False,random_forest/recall_at_frozen_threshold/regime=calm: fewer than 40 unique dates,planned slice retained as not_estimable,retained_not_imputed,2026-08-03T19:00:33+00:00
D0084,predeclared_slice_not_estimable,warning_inference,,,gradient_boosting,2026-05-18,2026-07-31,True,False,gradient_boosting/average_precision/market=us: fewer than 20 positive events,planned slice retained as not_estimable,retained_not_imputed,2026-08-03T19:00:46+00:00
D0085,predeclared_slice_not_estimable,warning_inference,,,gradient_boosting,2026-05-18,2026-07-31,True,False,gradient_boosting/brier_score/market=us: fewer than 20 positive events,planned slice retained as not_estimable,retained_not_imputed,2026-08-03T19:00:46+00:00
D0086,predeclared_slice_not_estimable,warning_inference,,,gradient_boosting,2026-05-18,2026-07-31,True,False,gradient_boosting/recall_at_frozen_threshold/market=us: fewer than 20 positive events,planned slice retained as not_estimable,retained_not_imputed,2026-08-03T19:00:46+00:00
D0087,predeclared_slice_not_estimable,warning_inference,,,gradient_boosting,2026-05-18,2026-07-31,True,False,gradient_boosting/average_precision/market=hk: fewer than 20 positive events,planned slice retained as not_estimable,retained_not_imputed,2026-08-03T19:00:46+00:00
D0088,predeclared_slice_not_estimable,warning_inference,,,gradient_boosting,2026-05-18,2026-07-31,True,False,gradient_boosting/brier_score/market=hk: fewer than 20 positive events,planned slice retained as not_estimable,retained_not_imputed,2026-08-03T19:00:46+00:00
D0089,predeclared_slice_not_estimable,warning_inference,,,gradient_boosting,2026-05-18,2026-07-31,True,False,gradient_boosting/recall_at_frozen_threshold/market=hk: fewer than 20 positive events,planned slice retained as not_estimable,retained_not_imputed,2026-08-03T19:00:46+00:00
D0090,predeclared_slice_not_estimable,warning_inference,,,gradient_boosting,2026-05-18,2026-07-31,True,False,gradient_boosting/average_precision/market=cn: fewer than 20 positive events,planned slice retained as not_estimable,retained_not_imputed,2026-08-03T19:00:46+00:00
D0091,predeclared_slice_not_estimable,warning_inference,,,gradient_boosting,2026-05-18,2026-07-31,True,False,gradient_boosting/brier_score/market=cn: fewer than 20 positive events,planned slice retained as not_estimable,retained_not_imputed,2026-08-03T19:00:46+00:00
D0092,predeclared_slice_not_estimable,warning_inference,,,gradient_boosting,2026-05-18,2026-07-31,True,False,gradient_boosting/recall_at_frozen_threshold/market=cn: fewer than 20 positive events,planned slice retained as not_estimable,retained_not_imputed,2026-08-03T19:00:46+00:00
D0093,predeclared_slice_not_estimable,warning_inference,,,gradient_boosting,2026-05-18,2026-07-31,True,False,gradient_boosting/average_precision/market=jp: fewer than 20 positive events,planned slice retained as not_estimable,retained_not_imputed,2026-08-03T19:00:46+00:00
D0094,predeclared_slice_not_estimable,warning_inference,,,gradient_boosting,2026-05-18,2026-07-31,True,False,gradient_boosting/brier_score/market=jp: fewer than 20 positive events,planned slice retained as not_estimable,retained_not_imputed,2026-08-03T19:00:46+00:00
D0095,predeclared_slice_not_estimable,warning_inference,,,gradient_boosting,2026-05-18,2026-07-31,True,False,gradient_boosting/recall_at_frozen_threshold/market=jp: fewer than 20 positive events,planned slice retained as not_estimable,retained_not_imputed,2026-08-03T19:00:46+00:00
D0096,predeclared_slice_not_estimable,warning_inference,,,gradient_boosting,2026-05-18,2026-07-31,True,False,gradient_boosting/average_precision/market=tw: fewer than 20 positive events,planned slice retained as not_estimable,retained_not_imputed,2026-08-03T19:00:46+00:00
D0097,predeclared_slice_not_estimable,warning_inference,,,gradient_boosting,2026-05-18,2026-07-31,True,False,gradient_boosting/brier_score/market=tw: fewer than 20 positive events,planned slice retained as not_estimable,retained_not_imputed,2026-08-03T19:00:46+00:00
D0098,predeclared_slice_not_estimable,warning_inference,,,gradient_boosting,2026-05-18,2026-07-31,True,False,gradient_boosting/recall_at_frozen_threshold/market=tw: fewer than 20 positive events,planned slice retained as not_estimable,retained_not_imputed,2026-08-03T19:00:46+00:00
D0099,predeclared_slice_not_estimable,warning_inference,,,gradient_boosting,2026-05-18,2026-07-31,True,False,gradient_boosting/average_precision/period=early: fewer than 40 unique dates,planned slice retained as not_estimable,retained_not_imputed,2026-08-03T19:00:46+00:00
D0100,predeclared_slice_not_estimable,warning_inference,,,gradient_boosting,2026-05-18,2026-07-31,True,False,gradient_boosting/brier_score/period=early: fewer than 40 unique dates,planned slice retained as not_estimable,retained_not_imputed,2026-08-03T19:00:46+00:00
D0101,predeclared_slice_not_estimable,warning_inference,,,gradient_boosting,2026-05-18,2026-07-31,True,False,gradient_boosting/recall_at_frozen_threshold/period=early: fewer than 40 unique dates,planned slice retained as not_estimable,retained_not_imputed,2026-08-03T19:00:46+00:00
D0102,predeclared_slice_not_estimable,warning_inference,,,gradient_boosting,2026-05-18,2026-07-31,True,False,gradient_boosting/average_precision/period=late: fewer than 40 unique dates,planned slice retained as not_estimable,retained_not_imputed,2026-08-03T19:00:46+00:00
D0103,predeclared_slice_not_estimable,warning_inference,,,gradient_boosting,2026-05-18,2026-07-31,True,False,gradient_boosting/brier_score/period=late: fewer than 40 unique dates,planned slice retained as not_estimable,retained_not_imputed,2026-08-03T19:00:46+00:00
D0104,predeclared_slice_not_estimable,warning_inference,,,gradient_boosting,2026-05-18,2026-07-31,True,False,gradient_boosting/recall_at_frozen_threshold/period=late: fewer than 40 unique dates,planned slice retained as not_estimable,retained_not_imputed,2026-08-03T19:00:46+00:00
D0105,predeclared_slice_not_estimable,warning_inference,,,gradient_boosting,2026-05-18,2026-07-31,True,False,gradient_boosting/average_precision/regime=calm: fewer than 40 unique dates,planned slice retained as not_estimable,retained_not_imputed,2026-08-03T19:00:46+00:00
D0106,predeclared_slice_not_estimable,warning_inference,,,gradient_boosting,2026-05-18,2026-07-31,True,False,gradient_boosting/brier_score/regime=calm: fewer than 40 unique dates,planned slice retained as not_estimable,retained_not_imputed,2026-08-03T19:00:46+00:00
D0107,predeclared_slice_not_estimable,warning_inference,,,gradient_boosting,2026-05-18,2026-07-31,True,False,gradient_boosting/recall_at_frozen_threshold/regime=calm: fewer than 40 unique dates,planned slice retained as not_estimable,retained_not_imputed,2026-08-03T19:00:46+00:00
D0108,predeclared_slice_not_estimable,warning_inference,,,historical_tail_threshold,2026-05-18,2026-07-31,True,False,historical_tail_threshold/average_precision/market=us: fewer than 20 positive events,planned slice retained as not_estimable,retained_not_imputed,2026-08-03T19:00:57+00:00
D0109,predeclared_slice_not_estimable,warning_inference,,,historical_tail_threshold,2026-05-18,2026-07-31,True,False,historical_tail_threshold/brier_score/market=us: fewer than 20 positive events,planned slice retained as not_estimable,retained_not_imputed,2026-08-03T19:00:57+00:00
D0110,predeclared_slice_not_estimable,warning_inference,,,historical_tail_threshold,2026-05-18,2026-07-31,True,False,historical_tail_threshold/recall_at_frozen_threshold/market=us: fewer than 20 positive events,planned slice retained as not_estimable,retained_not_imputed,2026-08-03T19:00:57+00:00
D0111,predeclared_slice_not_estimable,warning_inference,,,historical_tail_threshold,2026-05-18,2026-07-31,True,False,historical_tail_threshold/average_precision/market=hk: fewer than 20 positive events,planned slice retained as not_estimable,retained_not_imputed,2026-08-03T19:00:57+00:00
D0112,predeclared_slice_not_estimable,warning_inference,,,historical_tail_threshold,2026-05-18,2026-07-31,True,False,historical_tail_threshold/brier_score/market=hk: fewer than 20 positive events,planned slice retained as not_estimable,retained_not_imputed,2026-08-03T19:00:57+00:00
D0113,predeclared_slice_not_estimable,warning_inference,,,historical_tail_threshold,2026-05-18,2026-07-31,True,False,historical_tail_threshold/recall_at_frozen_threshold/market=hk: fewer than 20 positive events,planned slice retained as not_estimable,retained_not_imputed,2026-08-03T19:00:57+00:00
D0114,predeclared_slice_not_estimable,warning_inference,,,historical_tail_threshold,2026-05-18,2026-07-31,True,False,historical_tail_threshold/average_precision/market=cn: fewer than 20 positive events,planned slice retained as not_estimable,retained_not_imputed,2026-08-03T19:00:57+00:00
D0115,predeclared_slice_not_estimable,warning_inference,,,historical_tail_threshold,2026-05-18,2026-07-31,True,False,historical_tail_threshold/brier_score/market=cn: fewer than 20 positive events,planned slice retained as not_estimable,retained_not_imputed,2026-08-03T19:00:57+00:00
D0116,predeclared_slice_not_estimable,warning_inference,,,historical_tail_threshold,2026-05-18,2026-07-31,True,False,historical_tail_threshold/recall_at_frozen_threshold/market=cn: fewer than 20 positive events,planned slice retained as not_estimable,retained_not_imputed,2026-08-03T19:00:57+00:00
D0117,predeclared_slice_not_estimable,warning_inference,,,historical_tail_threshold,2026-05-18,2026-07-31,True,False,historical_tail_threshold/average_precision/market=jp: fewer than 20 positive events,planned slice retained as not_estimable,retained_not_imputed,2026-08-03T19:00:57+00:00
D0118,predeclared_slice_not_estimable,warning_inference,,,historical_tail_threshold,2026-05-18,2026-07-31,True,False,historical_tail_threshold/brier_score/market=jp: fewer than 20 positive events,planned slice retained as not_estimable,retained_not_imputed,2026-08-03T19:00:57+00:00
D0119,predeclared_slice_not_estimable,warning_inference,,,historical_tail_threshold,2026-05-18,2026-07-31,True,False,historical_tail_threshold/recall_at_frozen_threshold/market=jp: fewer than 20 positive events,planned slice retained as not_estimable,retained_not_imputed,2026-08-03T19:00:57+00:00
D0120,predeclared_slice_not_estimable,warning_inference,,,historical_tail_threshold,2026-05-18,2026-07-31,True,False,historical_tail_threshold/average_precision/market=tw: fewer than 20 positive events,planned slice retained as not_estimable,retained_not_imputed,2026-08-03T19:00:57+00:00
D0121,predeclared_slice_not_estimable,warning_inference,,,historical_tail_threshold,2026-05-18,2026-07-31,True,False,historical_tail_threshold/brier_score/market=tw: fewer than 20 positive events,planned slice retained as not_estimable,retained_not_imputed,2026-08-03T19:00:57+00:00
D0122,predeclared_slice_not_estimable,warning_inference,,,historical_tail_threshold,2026-05-18,2026-07-31,True,False,historical_tail_threshold/recall_at_frozen_threshold/market=tw: fewer than 20 positive events,planned slice retained as not_estimable,retained_not_imputed,2026-08-03T19:00:57+00:00
D0123,predeclared_slice_not_estimable,warning_inference,,,historical_tail_threshold,2026-05-18,2026-07-31,True,False,historical_tail_threshold/average_precision/period=early: fewer than 40 unique dates,planned slice retained as not_estimable,retained_not_imputed,2026-08-03T19:00:57+00:00
D0124,predeclared_slice_not_estimable,warning_inference,,,historical_tail_threshold,2026-05-18,2026-07-31,True,False,historical_tail_threshold/brier_score/period=early: fewer than 40 unique dates,planned slice retained as not_estimable,retained_not_imputed,2026-08-03T19:00:57+00:00
D0125,predeclared_slice_not_estimable,warning_inference,,,historical_tail_threshold,2026-05-18,2026-07-31,True,False,historical_tail_threshold/recall_at_frozen_threshold/period=early: fewer than 40 unique dates,planned slice retained as not_estimable,retained_not_imputed,2026-08-03T19:00:57+00:00
D0126,predeclared_slice_not_estimable,warning_inference,,,historical_tail_threshold,2026-05-18,2026-07-31,True,False,historical_tail_threshold/average_precision/period=late: fewer than 40 unique dates,planned slice retained as not_estimable,retained_not_imputed,2026-08-03T19:00:57+00:00
D0127,predeclared_slice_not_estimable,warning_inference,,,historical_tail_threshold,2026-05-18,2026-07-31,True,False,historical_tail_threshold/brier_score/period=late: fewer than 40 unique dates,planned slice retained as not_estimable,retained_not_imputed,2026-08-03T19:00:57+00:00
D0128,predeclared_slice_not_estimable,warning_inference,,,historical_tail_threshold,2026-05-18,2026-07-31,True,False,historical_tail_threshold/recall_at_frozen_threshold/period=late: fewer than 40 unique dates,planned slice retained as not_estimable,retained_not_imputed,2026-08-03T19:00:57+00:00
D0129,predeclared_slice_not_estimable,warning_inference,,,historical_tail_threshold,2026-05-18,2026-07-31,True,False,historical_tail_threshold/average_precision/regime=calm: fewer than 40 unique dates,planned slice retained as not_estimable,retained_not_imputed,2026-08-03T19:00:57+00:00
D0130,predeclared_slice_not_estimable,warning_inference,,,historical_tail_threshold,2026-05-18,2026-07-31,True,False,historical_tail_threshold/brier_score/regime=calm: fewer than 40 unique dates,planned slice retained as not_estimable,retained_not_imputed,2026-08-03T19:00:57+00:00
D0131,predeclared_slice_not_estimable,warning_inference,,,historical_tail_threshold,2026-05-18,2026-07-31,True,False,historical_tail_threshold/recall_at_frozen_threshold/regime=calm: fewer than 40 unique dates,planned slice retained as not_estimable,retained_not_imputed,2026-08-03T19:00:57+00:00
D0132,predeclared_slice_not_estimable,warning_inference,,,historical_var,2026-05-18,2026-07-31,True,False,historical_var/average_precision/market=us: fewer than 20 positive events,planned slice retained as not_estimable,retained_not_imputed,2026-08-03T19:01:05+00:00
D0133,predeclared_slice_not_estimable,warning_inference,,,historical_var,2026-05-18,2026-07-31,True,False,historical_var/brier_score/market=us: fewer than 20 positive events,planned slice retained as not_estimable,retained_not_imputed,2026-08-03T19:01:05+00:00
D0134,predeclared_slice_not_estimable,warning_inference,,,historical_var,2026-05-18,2026-07-31,True,False,historical_var/recall_at_frozen_threshold/market=us: fewer than 20 positive events,planned slice retained as not_estimable,retained_not_imputed,2026-08-03T19:01:05+00:00
D0135,predeclared_slice_not_estimable,warning_inference,,,historical_var,2026-05-18,2026-07-31,True,False,historical_var/average_precision/market=hk: fewer than 20 positive events,planned slice retained as not_estimable,retained_not_imputed,2026-08-03T19:01:05+00:00
D0136,predeclared_slice_not_estimable,warning_inference,,,historical_var,2026-05-18,2026-07-31,True,False,historical_var/brier_score/market=hk: fewer than 20 positive events,planned slice retained as not_estimable,retained_not_imputed,2026-08-03T19:01:05+00:00
D0137,predeclared_slice_not_estimable,warning_inference,,,historical_var,2026-05-18,2026-07-31,True,False,historical_var/recall_at_frozen_threshold/market=hk: fewer than 20 positive events,planned slice retained as not_estimable,retained_not_imputed,2026-08-03T19:01:05+00:00
D0138,predeclared_slice_not_estimable,warning_inference,,,historical_var,2026-05-18,2026-07-31,True,False,historical_var/average_precision/market=cn: fewer than 20 positive events,planned slice retained as not_estimable,retained_not_imputed,2026-08-03T19:01:05+00:00
D0139,predeclared_slice_not_estimable,warning_inference,,,historical_var,2026-05-18,2026-07-31,True,False,historical_var/brier_score/market=cn: fewer than 20 positive events,planned slice retained as not_estimable,retained_not_imputed,2026-08-03T19:01:05+00:00
D0140,predeclared_slice_not_estimable,warning_inference,,,historical_var,2026-05-18,2026-07-31,True,False,historical_var/recall_at_frozen_threshold/market=cn: fewer than 20 positive events,planned slice retained as not_estimable,retained_not_imputed,2026-08-03T19:01:05+00:00
D0141,predeclared_slice_not_estimable,warning_inference,,,historical_var,2026-05-18,2026-07-31,True,False,historical_var/average_precision/market=jp: fewer than 20 positive events,planned slice retained as not_estimable,retained_not_imputed,2026-08-03T19:01:05+00:00
D0142,predeclared_slice_not_estimable,warning_inference,,,historical_var,2026-05-18,2026-07-31,True,False,historical_var/brier_score/market=jp: fewer than 20 positive events,planned slice retained as not_estimable,retained_not_imputed,2026-08-03T19:01:05+00:00
D0143,predeclared_slice_not_estimable,warning_inference,,,historical_var,2026-05-18,2026-07-31,True,False,historical_var/recall_at_frozen_threshold/market=jp: fewer than 20 positive events,planned slice retained as not_estimable,retained_not_imputed,2026-08-03T19:01:05+00:00
D0144,predeclared_slice_not_estimable,warning_inference,,,historical_var,2026-05-18,2026-07-31,True,False,historical_var/average_precision/market=tw: fewer than 20 positive events,planned slice retained as not_estimable,retained_not_imputed,2026-08-03T19:01:05+00:00
D0145,predeclared_slice_not_estimable,warning_inference,,,historical_var,2026-05-18,2026-07-31,True,False,historical_var/brier_score/market=tw: fewer than 20 positive events,planned slice retained as not_estimable,retained_not_imputed,2026-08-03T19:01:05+00:00
D0146,predeclared_slice_not_estimable,warning_inference,,,historical_var,2026-05-18,2026-07-31,True,False,historical_var/recall_at_frozen_threshold/market=tw: fewer than 20 positive events,planned slice retained as not_estimable,retained_not_imputed,2026-08-03T19:01:05+00:00
D0147,predeclared_slice_not_estimable,warning_inference,,,historical_var,2026-05-18,2026-07-31,True,False,historical_var/average_precision/period=early: fewer than 40 unique dates,planned slice retained as not_estimable,retained_not_imputed,2026-08-03T19:01:05+00:00
D0148,predeclared_slice_not_estimable,warning_inference,,,historical_var,2026-05-18,2026-07-31,True,False,historical_var/brier_score/period=early: fewer than 40 unique dates,planned slice retained as not_estimable,retained_not_imputed,2026-08-03T19:01:05+00:00
D0149,predeclared_slice_not_estimable,warning_inference,,,historical_var,2026-05-18,2026-07-31,True,False,historical_var/recall_at_frozen_threshold/period=early: fewer than 40 unique dates,planned slice retained as not_estimable,retained_not_imputed,2026-08-03T19:01:05+00:00
D0150,predeclared_slice_not_estimable,warning_inference,,,historical_var,2026-05-18,2026-07-31,True,False,historical_var/average_precision/period=late: fewer than 40 unique dates,planned slice retained as not_estimable,retained_not_imputed,2026-08-03T19:01:05+00:00
D0151,predeclared_slice_not_estimable,warning_inference,,,historical_var,2026-05-18,2026-07-31,True,False,historical_var/brier_score/period=late: fewer than 40 unique dates,planned slice retained as not_estimable,retained_not_imputed,2026-08-03T19:01:05+00:00
D0152,predeclared_slice_not_estimable,warning_inference,,,historical_var,2026-05-18,2026-07-31,True,False,historical_var/recall_at_frozen_threshold/period=late: fewer than 40 unique dates,planned slice retained as not_estimable,retained_not_imputed,2026-08-03T19:01:05+00:00
D0153,predeclared_slice_not_estimable,warning_inference,,,historical_var,2026-05-18,2026-07-31,True,False,historical_var/average_precision/regime=calm: fewer than 40 unique dates,planned slice retained as not_estimable,retained_not_imputed,2026-08-03T19:01:05+00:00
D0154,predeclared_slice_not_estimable,warning_inference,,,historical_var,2026-05-18,2026-07-31,True,False,historical_var/brier_score/regime=calm: fewer than 40 unique dates,planned slice retained as not_estimable,retained_not_imputed,2026-08-03T19:01:05+00:00
D0155,predeclared_slice_not_estimable,warning_inference,,,historical_var,2026-05-18,2026-07-31,True,False,historical_var/recall_at_frozen_threshold/regime=calm: fewer than 40 unique dates,planned slice retained as not_estimable,retained_not_imputed,2026-08-03T19:01:05+00:00
D0156,predeclared_slice_not_estimable,warning_inference,,,historical_es,2026-05-18,2026-07-31,True,False,historical_es/average_precision/market=us: fewer than 20 positive events,planned slice retained as not_estimable,retained_not_imputed,2026-08-03T19:01:14+00:00
D0157,predeclared_slice_not_estimable,warning_inference,,,historical_es,2026-05-18,2026-07-31,True,False,historical_es/brier_score/market=us: fewer than 20 positive events,planned slice retained as not_estimable,retained_not_imputed,2026-08-03T19:01:14+00:00
D0158,predeclared_slice_not_estimable,warning_inference,,,historical_es,2026-05-18,2026-07-31,True,False,historical_es/recall_at_frozen_threshold/market=us: fewer than 20 positive events,planned slice retained as not_estimable,retained_not_imputed,2026-08-03T19:01:14+00:00
D0159,predeclared_slice_not_estimable,warning_inference,,,historical_es,2026-05-18,2026-07-31,True,False,historical_es/average_precision/market=hk: fewer than 20 positive events,planned slice retained as not_estimable,retained_not_imputed,2026-08-03T19:01:14+00:00
D0160,predeclared_slice_not_estimable,warning_inference,,,historical_es,2026-05-18,2026-07-31,True,False,historical_es/brier_score/market=hk: fewer than 20 positive events,planned slice retained as not_estimable,retained_not_imputed,2026-08-03T19:01:14+00:00
D0161,predeclared_slice_not_estimable,warning_inference,,,historical_es,2026-05-18,2026-07-31,True,False,historical_es/recall_at_frozen_threshold/market=hk: fewer than 20 positive events,planned slice retained as not_estimable,retained_not_imputed,2026-08-03T19:01:14+00:00
D0162,predeclared_slice_not_estimable,warning_inference,,,historical_es,2026-05-18,2026-07-31,True,False,historical_es/average_precision/market=cn: fewer than 20 positive events,planned slice retained as not_estimable,retained_not_imputed,2026-08-03T19:01:14+00:00
D0163,predeclared_slice_not_estimable,warning_inference,,,historical_es,2026-05-18,2026-07-31,True,False,historical_es/brier_score/market=cn: fewer than 20 positive events,planned slice retained as not_estimable,retained_not_imputed,2026-08-03T19:01:14+00:00
D0164,predeclared_slice_not_estimable,warning_inference,,,historical_es,2026-05-18,2026-07-31,True,False,historical_es/recall_at_frozen_threshold/market=cn: fewer than 20 positive events,planned slice retained as not_estimable,retained_not_imputed,2026-08-03T19:01:14+00:00
D0165,predeclared_slice_not_estimable,warning_inference,,,historical_es,2026-05-18,2026-07-31,True,False,historical_es/average_precision/market=jp: fewer than 20 positive events,planned slice retained as not_estimable,retained_not_imputed,2026-08-03T19:01:14+00:00
D0166,predeclared_slice_not_estimable,warning_inference,,,historical_es,2026-05-18,2026-07-31,True,False,historical_es/brier_score/market=jp: fewer than 20 positive events,planned slice retained as not_estimable,retained_not_imputed,2026-08-03T19:01:14+00:00
D0167,predeclared_slice_not_estimable,warning_inference,,,historical_es,2026-05-18,2026-07-31,True,False,historical_es/recall_at_frozen_threshold/market=jp: fewer than 20 positive events,planned slice retained as not_estimable,retained_not_imputed,2026-08-03T19:01:14+00:00
D0168,predeclared_slice_not_estimable,warning_inference,,,historical_es,2026-05-18,2026-07-31,True,False,historical_es/average_precision/market=tw: fewer than 20 positive events,planned slice retained as not_estimable,retained_not_imputed,2026-08-03T19:01:14+00:00
D0169,predeclared_slice_not_estimable,warning_inference,,,historical_es,2026-05-18,2026-07-31,True,False,historical_es/brier_score/market=tw: fewer than 20 positive events,planned slice retained as not_estimable,retained_not_imputed,2026-08-03T19:01:14+00:00
D0170,predeclared_slice_not_estimable,warning_inference,,,historical_es,2026-05-18,2026-07-31,True,False,historical_es/recall_at_frozen_threshold/market=tw: fewer than 20 positive events,planned slice retained as not_estimable,retained_not_imputed,2026-08-03T19:01:14+00:00
D0171,predeclared_slice_not_estimable,warning_inference,,,historical_es,2026-05-18,2026-07-31,True,False,historical_es/average_precision/period=early: fewer than 40 unique dates,planned slice retained as not_estimable,retained_not_imputed,2026-08-03T19:01:14+00:00
D0172,predeclared_slice_not_estimable,warning_inference,,,historical_es,2026-05-18,2026-07-31,True,False,historical_es/brier_score/period=early: fewer than 40 unique dates,planned slice retained as not_estimable,retained_not_imputed,2026-08-03T19:01:14+00:00
D0173,predeclared_slice_not_estimable,warning_inference,,,historical_es,2026-05-18,2026-07-31,True,False,historical_es/recall_at_frozen_threshold/period=early: fewer than 40 unique dates,planned slice retained as not_estimable,retained_not_imputed,2026-08-03T19:01:14+00:00
D0174,predeclared_slice_not_estimable,warning_inference,,,historical_es,2026-05-18,2026-07-31,True,False,historical_es/average_precision/period=late: fewer than 40 unique dates,planned slice retained as not_estimable,retained_not_imputed,2026-08-03T19:01:14+00:00
D0175,predeclared_slice_not_estimable,warning_inference,,,historical_es,2026-05-18,2026-07-31,True,False,historical_es/brier_score/period=late: fewer than 40 unique dates,planned slice retained as not_estimable,retained_not_imputed,2026-08-03T19:01:14+00:00
D0176,predeclared_slice_not_estimable,warning_inference,,,historical_es,2026-05-18,2026-07-31,True,False,historical_es/recall_at_frozen_threshold/period=late: fewer than 40 unique dates,planned slice retained as not_estimable,retained_not_imputed,2026-08-03T19:01:14+00:00
D0177,predeclared_slice_not_estimable,warning_inference,,,historical_es,2026-05-18,2026-07-31,True,False,historical_es/average_precision/regime=calm: fewer than 40 unique dates,planned slice retained as not_estimable,retained_not_imputed,2026-08-03T19:01:14+00:00
D0178,predeclared_slice_not_estimable,warning_inference,,,historical_es,2026-05-18,2026-07-31,True,False,historical_es/brier_score/regime=calm: fewer than 40 unique dates,planned slice retained as not_estimable,retained_not_imputed,2026-08-03T19:01:14+00:00
D0179,predeclared_slice_not_estimable,warning_inference,,,historical_es,2026-05-18,2026-07-31,True,False,historical_es/recall_at_frozen_threshold/regime=calm: fewer than 40 unique dates,planned slice retained as not_estimable,retained_not_imputed,2026-08-03T19:01:14+00:00
D0180,predeclared_slice_not_estimable,warning_inference,,,garch_1_1,2026-05-18,2026-07-31,True,False,garch_1_1/average_precision/market=us: fewer than 20 positive events,planned slice retained as not_estimable,retained_not_imputed,2026-08-03T19:01:23+00:00
D0181,predeclared_slice_not_estimable,warning_inference,,,garch_1_1,2026-05-18,2026-07-31,True,False,garch_1_1/brier_score/market=us: fewer than 20 positive events,planned slice retained as not_estimable,retained_not_imputed,2026-08-03T19:01:23+00:00
D0182,predeclared_slice_not_estimable,warning_inference,,,garch_1_1,2026-05-18,2026-07-31,True,False,garch_1_1/recall_at_frozen_threshold/market=us: fewer than 20 positive events,planned slice retained as not_estimable,retained_not_imputed,2026-08-03T19:01:23+00:00
D0183,predeclared_slice_not_estimable,warning_inference,,,garch_1_1,2026-05-18,2026-07-31,True,False,garch_1_1/average_precision/market=hk: fewer than 20 positive events,planned slice retained as not_estimable,retained_not_imputed,2026-08-03T19:01:23+00:00
D0184,predeclared_slice_not_estimable,warning_inference,,,garch_1_1,2026-05-18,2026-07-31,True,False,garch_1_1/brier_score/market=hk: fewer than 20 positive events,planned slice retained as not_estimable,retained_not_imputed,2026-08-03T19:01:23+00:00
D0185,predeclared_slice_not_estimable,warning_inference,,,garch_1_1,2026-05-18,2026-07-31,True,False,garch_1_1/recall_at_frozen_threshold/market=hk: fewer than 20 positive events,planned slice retained as not_estimable,retained_not_imputed,2026-08-03T19:01:23+00:00
D0186,predeclared_slice_not_estimable,warning_inference,,,garch_1_1,2026-05-18,2026-07-31,True,False,garch_1_1/average_precision/market=cn: fewer than 20 positive events,planned slice retained as not_estimable,retained_not_imputed,2026-08-03T19:01:23+00:00
D0187,predeclared_slice_not_estimable,warning_inference,,,garch_1_1,2026-05-18,2026-07-31,True,False,garch_1_1/brier_score/market=cn: fewer than 20 positive events,planned slice retained as not_estimable,retained_not_imputed,2026-08-03T19:01:23+00:00
D0188,predeclared_slice_not_estimable,warning_inference,,,garch_1_1,2026-05-18,2026-07-31,True,False,garch_1_1/recall_at_frozen_threshold/market=cn: fewer than 20 positive events,planned slice retained as not_estimable,retained_not_imputed,2026-08-03T19:01:23+00:00
D0189,predeclared_slice_not_estimable,warning_inference,,,garch_1_1,2026-05-18,2026-07-31,True,False,garch_1_1/average_precision/market=jp: fewer than 20 positive events,planned slice retained as not_estimable,retained_not_imputed,2026-08-03T19:01:23+00:00
D0190,predeclared_slice_not_estimable,warning_inference,,,garch_1_1,2026-05-18,2026-07-31,True,False,garch_1_1/brier_score/market=jp: fewer than 20 positive events,planned slice retained as not_estimable,retained_not_imputed,2026-08-03T19:01:23+00:00
D0191,predeclared_slice_not_estimable,warning_inference,,,garch_1_1,2026-05-18,2026-07-31,True,False,garch_1_1/recall_at_frozen_threshold/market=jp: fewer than 20 positive events,planned slice retained as not_estimable,retained_not_imputed,2026-08-03T19:01:23+00:00
D0192,predeclared_slice_not_estimable,warning_inference,,,garch_1_1,2026-05-18,2026-07-31,True,False,garch_1_1/average_precision/market=tw: fewer than 20 positive events,planned slice retained as not_estimable,retained_not_imputed,2026-08-03T19:01:23+00:00
D0193,predeclared_slice_not_estimable,warning_inference,,,garch_1_1,2026-05-18,2026-07-31,True,False,garch_1_1/brier_score/market=tw: fewer than 20 positive events,planned slice retained as not_estimable,retained_not_imputed,2026-08-03T19:01:23+00:00
D0194,predeclared_slice_not_estimable,warning_inference,,,garch_1_1,2026-05-18,2026-07-31,True,False,garch_1_1/recall_at_frozen_threshold/market=tw: fewer than 20 positive events,planned slice retained as not_estimable,retained_not_imputed,2026-08-03T19:01:23+00:00
D0195,predeclared_slice_not_estimable,warning_inference,,,garch_1_1,2026-05-18,2026-07-31,True,False,garch_1_1/average_precision/period=early: fewer than 40 unique dates,planned slice retained as not_estimable,retained_not_imputed,2026-08-03T19:01:23+00:00
D0196,predeclared_slice_not_estimable,warning_inference,,,garch_1_1,2026-05-18,2026-07-31,True,False,garch_1_1/brier_score/period=early: fewer than 40 unique dates,planned slice retained as not_estimable,retained_not_imputed,2026-08-03T19:01:23+00:00
D0197,predeclared_slice_not_estimable,warning_inference,,,garch_1_1,2026-05-18,2026-07-31,True,False,garch_1_1/recall_at_frozen_threshold/period=early: fewer than 40 unique dates,planned slice retained as not_estimable,retained_not_imputed,2026-08-03T19:01:23+00:00
D0198,predeclared_slice_not_estimable,warning_inference,,,garch_1_1,2026-05-18,2026-07-31,True,False,garch_1_1/average_precision/period=late: fewer than 40 unique dates,planned slice retained as not_estimable,retained_not_imputed,2026-08-03T19:01:23+00:00
D0199,predeclared_slice_not_estimable,warning_inference,,,garch_1_1,2026-05-18,2026-07-31,True,False,garch_1_1/brier_score/period=late: fewer than 40 unique dates,planned slice retained as not_estimable,retained_not_imputed,2026-08-03T19:01:23+00:00
D0200,predeclared_slice_not_estimable,warning_inference,,,garch_1_1,2026-05-18,2026-07-31,True,False,garch_1_1/recall_at_frozen_threshold/period=late: fewer than 40 unique dates,planned slice retained as not_estimable,retained_not_imputed,2026-08-03T19:01:23+00:00
D0201,predeclared_slice_not_estimable,warning_inference,,,garch_1_1,2026-05-18,2026-07-31,True,False,garch_1_1/average_precision/regime=calm: fewer than 40 unique dates,planned slice retained as not_estimable,retained_not_imputed,2026-08-03T19:01:23+00:00
D0202,predeclared_slice_not_estimable,warning_inference,,,garch_1_1,2026-05-18,2026-07-31,True,False,garch_1_1/brier_score/regime=calm: fewer than 40 unique dates,planned slice retained as not_estimable,retained_not_imputed,2026-08-03T19:01:23+00:00
D0203,predeclared_slice_not_estimable,warning_inference,,,garch_1_1,2026-05-18,2026-07-31,True,False,garch_1_1/recall_at_frozen_threshold/regime=calm: fewer than 40 unique dates,planned slice retained as not_estimable,retained_not_imputed,2026-08-03T19:01:23+00:00
D0204,predeclared_slice_not_estimable,warning_inference,,,caviar_sav,2026-05-18,2026-07-31,True,False,caviar_sav/average_precision/market=us: fewer than 20 positive events,planned slice retained as not_estimable,retained_not_imputed,2026-08-03T19:01:32+00:00
D0205,predeclared_slice_not_estimable,warning_inference,,,caviar_sav,2026-05-18,2026-07-31,True,False,caviar_sav/brier_score/market=us: fewer than 20 positive events,planned slice retained as not_estimable,retained_not_imputed,2026-08-03T19:01:32+00:00
D0206,predeclared_slice_not_estimable,warning_inference,,,caviar_sav,2026-05-18,2026-07-31,True,False,caviar_sav/recall_at_frozen_threshold/market=us: fewer than 20 positive events,planned slice retained as not_estimable,retained_not_imputed,2026-08-03T19:01:32+00:00
D0207,predeclared_slice_not_estimable,warning_inference,,,caviar_sav,2026-05-18,2026-07-31,True,False,caviar_sav/average_precision/market=hk: fewer than 20 positive events,planned slice retained as not_estimable,retained_not_imputed,2026-08-03T19:01:32+00:00
D0208,predeclared_slice_not_estimable,warning_inference,,,caviar_sav,2026-05-18,2026-07-31,True,False,caviar_sav/brier_score/market=hk: fewer than 20 positive events,planned slice retained as not_estimable,retained_not_imputed,2026-08-03T19:01:32+00:00
D0209,predeclared_slice_not_estimable,warning_inference,,,caviar_sav,2026-05-18,2026-07-31,True,False,caviar_sav/recall_at_frozen_threshold/market=hk: fewer than 20 positive events,planned slice retained as not_estimable,retained_not_imputed,2026-08-03T19:01:32+00:00
D0210,predeclared_slice_not_estimable,warning_inference,,,caviar_sav,2026-05-18,2026-07-31,True,False,caviar_sav/average_precision/market=cn: fewer than 20 positive events,planned slice retained as not_estimable,retained_not_imputed,2026-08-03T19:01:32+00:00
D0211,predeclared_slice_not_estimable,warning_inference,,,caviar_sav,2026-05-18,2026-07-31,True,False,caviar_sav/brier_score/market=cn: fewer than 20 positive events,planned slice retained as not_estimable,retained_not_imputed,2026-08-03T19:01:32+00:00
D0212,predeclared_slice_not_estimable,warning_inference,,,caviar_sav,2026-05-18,2026-07-31,True,False,caviar_sav/recall_at_frozen_threshold/market=cn: fewer than 20 positive events,planned slice retained as not_estimable,retained_not_imputed,2026-08-03T19:01:32+00:00
D0213,predeclared_slice_not_estimable,warning_inference,,,caviar_sav,2026-05-18,2026-07-31,True,False,caviar_sav/average_precision/market=jp: fewer than 20 positive events,planned slice retained as not_estimable,retained_not_imputed,2026-08-03T19:01:32+00:00
D0214,predeclared_slice_not_estimable,warning_inference,,,caviar_sav,2026-05-18,2026-07-31,True,False,caviar_sav/brier_score/market=jp: fewer than 20 positive events,planned slice retained as not_estimable,retained_not_imputed,2026-08-03T19:01:32+00:00
D0215,predeclared_slice_not_estimable,warning_inference,,,caviar_sav,2026-05-18,2026-07-31,True,False,caviar_sav/recall_at_frozen_threshold/market=jp: fewer than 20 positive events,planned slice retained as not_estimable,retained_not_imputed,2026-08-03T19:01:32+00:00
D0216,predeclared_slice_not_estimable,warning_inference,,,caviar_sav,2026-05-18,2026-07-31,True,False,caviar_sav/average_precision/market=tw: fewer than 20 positive events,planned slice retained as not_estimable,retained_not_imputed,2026-08-03T19:01:32+00:00
D0217,predeclared_slice_not_estimable,warning_inference,,,caviar_sav,2026-05-18,2026-07-31,True,False,caviar_sav/brier_score/market=tw: fewer than 20 positive events,planned slice retained as not_estimable,retained_not_imputed,2026-08-03T19:01:32+00:00
D0218,predeclared_slice_not_estimable,warning_inference,,,caviar_sav,2026-05-18,2026-07-31,True,False,caviar_sav/recall_at_frozen_threshold/market=tw: fewer than 20 positive events,planned slice retained as not_estimable,retained_not_imputed,2026-08-03T19:01:32+00:00
D0219,predeclared_slice_not_estimable,warning_inference,,,caviar_sav,2026-05-18,2026-07-31,True,False,caviar_sav/average_precision/period=early: fewer than 40 unique dates,planned slice retained as not_estimable,retained_not_imputed,2026-08-03T19:01:32+00:00
D0220,predeclared_slice_not_estimable,warning_inference,,,caviar_sav,2026-05-18,2026-07-31,True,False,caviar_sav/brier_score/period=early: fewer than 40 unique dates,planned slice retained as not_estimable,retained_not_imputed,2026-08-03T19:01:32+00:00
D0221,predeclared_slice_not_estimable,warning_inference,,,caviar_sav,2026-05-18,2026-07-31,True,False,caviar_sav/recall_at_frozen_threshold/period=early: fewer than 40 unique dates,planned slice retained as not_estimable,retained_not_imputed,2026-08-03T19:01:32+00:00
D0222,predeclared_slice_not_estimable,warning_inference,,,caviar_sav,2026-05-18,2026-07-31,True,False,caviar_sav/average_precision/period=late: fewer than 40 unique dates,planned slice retained as not_estimable,retained_not_imputed,2026-08-03T19:01:32+00:00
D0223,predeclared_slice_not_estimable,warning_inference,,,caviar_sav,2026-05-18,2026-07-31,True,False,caviar_sav/brier_score/period=late: fewer than 40 unique dates,planned slice retained as not_estimable,retained_not_imputed,2026-08-03T19:01:32+00:00
D0224,predeclared_slice_not_estimable,warning_inference,,,caviar_sav,2026-05-18,2026-07-31,True,False,caviar_sav/recall_at_frozen_threshold/period=late: fewer than 40 unique dates,planned slice retained as not_estimable,retained_not_imputed,2026-08-03T19:01:32+00:00
D0225,predeclared_slice_not_estimable,warning_inference,,,caviar_sav,2026-05-18,2026-07-31,True,False,caviar_sav/average_precision/regime=calm: fewer than 40 unique dates,planned slice retained as not_estimable,retained_not_imputed,2026-08-03T19:01:32+00:00
D0226,predeclared_slice_not_estimable,warning_inference,,,caviar_sav,2026-05-18,2026-07-31,True,False,caviar_sav/brier_score/regime=calm: fewer than 40 unique dates,planned slice retained as not_estimable,retained_not_imputed,2026-08-03T19:01:32+00:00
D0227,predeclared_slice_not_estimable,warning_inference,,,caviar_sav,2026-05-18,2026-07-31,True,False,caviar_sav/recall_at_frozen_threshold/regime=calm: fewer than 40 unique dates,planned slice retained as not_estimable,retained_not_imputed,2026-08-03T19:01:32+00:00
D0228,predeclared_slice_not_estimable,warning_inference,,,quantile_regression,2026-05-18,2026-07-31,True,False,quantile_regression/average_precision/market=us: fewer than 20 positive events,planned slice retained as not_estimable,retained_not_imputed,2026-08-03T19:01:40+00:00
D0229,predeclared_slice_not_estimable,warning_inference,,,quantile_regression,2026-05-18,2026-07-31,True,False,quantile_regression/brier_score/market=us: fewer than 20 positive events,planned slice retained as not_estimable,retained_not_imputed,2026-08-03T19:01:40+00:00
D0230,predeclared_slice_not_estimable,warning_inference,,,quantile_regression,2026-05-18,2026-07-31,True,False,quantile_regression/recall_at_frozen_threshold/market=us: fewer than 20 positive events,planned slice retained as not_estimable,retained_not_imputed,2026-08-03T19:01:40+00:00
D0231,predeclared_slice_not_estimable,warning_inference,,,quantile_regression,2026-05-18,2026-07-31,True,False,quantile_regression/average_precision/market=hk: fewer than 20 positive events,planned slice retained as not_estimable,retained_not_imputed,2026-08-03T19:01:40+00:00
D0232,predeclared_slice_not_estimable,warning_inference,,,quantile_regression,2026-05-18,2026-07-31,True,False,quantile_regression/brier_score/market=hk: fewer than 20 positive events,planned slice retained as not_estimable,retained_not_imputed,2026-08-03T19:01:40+00:00
D0233,predeclared_slice_not_estimable,warning_inference,,,quantile_regression,2026-05-18,2026-07-31,True,False,quantile_regression/recall_at_frozen_threshold/market=hk: fewer than 20 positive events,planned slice retained as not_estimable,retained_not_imputed,2026-08-03T19:01:40+00:00
D0234,predeclared_slice_not_estimable,warning_inference,,,quantile_regression,2026-05-18,2026-07-31,True,False,quantile_regression/average_precision/market=cn: fewer than 20 positive events,planned slice retained as not_estimable,retained_not_imputed,2026-08-03T19:01:40+00:00
D0235,predeclared_slice_not_estimable,warning_inference,,,quantile_regression,2026-05-18,2026-07-31,True,False,quantile_regression/brier_score/market=cn: fewer than 20 positive events,planned slice retained as not_estimable,retained_not_imputed,2026-08-03T19:01:40+00:00
D0236,predeclared_slice_not_estimable,warning_inference,,,quantile_regression,2026-05-18,2026-07-31,True,False,quantile_regression/recall_at_frozen_threshold/market=cn: fewer than 20 positive events,planned slice retained as not_estimable,retained_not_imputed,2026-08-03T19:01:40+00:00
D0237,predeclared_slice_not_estimable,warning_inference,,,quantile_regression,2026-05-18,2026-07-31,True,False,quantile_regression/average_precision/market=jp: fewer than 20 positive events,planned slice retained as not_estimable,retained_not_imputed,2026-08-03T19:01:40+00:00
D0238,predeclared_slice_not_estimable,warning_inference,,,quantile_regression,2026-05-18,2026-07-31,True,False,quantile_regression/brier_score/market=jp: fewer than 20 positive events,planned slice retained as not_estimable,retained_not_imputed,2026-08-03T19:01:40+00:00
D0239,predeclared_slice_not_estimable,warning_inference,,,quantile_regression,2026-05-18,2026-07-31,True,False,quantile_regression/recall_at_frozen_threshold/market=jp: fewer than 20 positive events,planned slice retained as not_estimable,retained_not_imputed,2026-08-03T19:01:40+00:00
D0240,predeclared_slice_not_estimable,warning_inference,,,quantile_regression,2026-05-18,2026-07-31,True,False,quantile_regression/average_precision/market=tw: fewer than 20 positive events,planned slice retained as not_estimable,retained_not_imputed,2026-08-03T19:01:40+00:00
D0241,predeclared_slice_not_estimable,warning_inference,,,quantile_regression,2026-05-18,2026-07-31,True,False,quantile_regression/brier_score/market=tw: fewer than 20 positive events,planned slice retained as not_estimable,retained_not_imputed,2026-08-03T19:01:40+00:00
D0242,predeclared_slice_not_estimable,warning_inference,,,quantile_regression,2026-05-18,2026-07-31,True,False,quantile_regression/recall_at_frozen_threshold/market=tw: fewer than 20 positive events,planned slice retained as not_estimable,retained_not_imputed,2026-08-03T19:01:40+00:00
D0243,predeclared_slice_not_estimable,warning_inference,,,quantile_regression,2026-05-18,2026-07-31,True,False,quantile_regression/average_precision/period=early: fewer than 40 unique dates,planned slice retained as not_estimable,retained_not_imputed,2026-08-03T19:01:40+00:00
D0244,predeclared_slice_not_estimable,warning_inference,,,quantile_regression,2026-05-18,2026-07-31,True,False,quantile_regression/brier_score/period=early: fewer than 40 unique dates,planned slice retained as not_estimable,retained_not_imputed,2026-08-03T19:01:40+00:00
D0245,predeclared_slice_not_estimable,warning_inference,,,quantile_regression,2026-05-18,2026-07-31,True,False,quantile_regression/recall_at_frozen_threshold/period=early: fewer than 40 unique dates,planned slice retained as not_estimable,retained_not_imputed,2026-08-03T19:01:40+00:00
D0246,predeclared_slice_not_estimable,warning_inference,,,quantile_regression,2026-05-18,2026-07-31,True,False,quantile_regression/average_precision/period=late: fewer than 40 unique dates,planned slice retained as not_estimable,retained_not_imputed,2026-08-03T19:01:40+00:00
D0247,predeclared_slice_not_estimable,warning_inference,,,quantile_regression,2026-05-18,2026-07-31,True,False,quantile_regression/brier_score/period=late: fewer than 40 unique dates,planned slice retained as not_estimable,retained_not_imputed,2026-08-03T19:01:40+00:00
D0248,predeclared_slice_not_estimable,warning_inference,,,quantile_regression,2026-05-18,2026-07-31,True,False,quantile_regression/recall_at_frozen_threshold/period=late: fewer than 40 unique dates,planned slice retained as not_estimable,retained_not_imputed,2026-08-03T19:01:40+00:00
D0249,predeclared_slice_not_estimable,warning_inference,,,quantile_regression,2026-05-18,2026-07-31,True,False,quantile_regression/average_precision/regime=calm: fewer than 40 unique dates,planned slice retained as not_estimable,retained_not_imputed,2026-08-03T19:01:40+00:00
D0250,predeclared_slice_not_estimable,warning_inference,,,quantile_regression,2026-05-18,2026-07-31,True,False,quantile_regression/brier_score/regime=calm: fewer than 40 unique dates,planned slice retained as not_estimable,retained_not_imputed,2026-08-03T19:01:40+00:00
D0251,predeclared_slice_not_estimable,warning_inference,,,quantile_regression,2026-05-18,2026-07-31,True,False,quantile_regression/recall_at_frozen_threshold/regime=calm: fewer than 40 unique dates,planned slice retained as not_estimable,retained_not_imputed,2026-08-03T19:01:40+00:00
D0252,predeclared_slice_not_estimable,warning_inference,,,temporal_mlp,2026-05-18,2026-07-31,True,False,temporal_mlp/average_precision/market=us: fewer than 20 positive events,planned slice retained as not_estimable,retained_not_imputed,2026-08-03T19:01:51+00:00
D0253,predeclared_slice_not_estimable,warning_inference,,,temporal_mlp,2026-05-18,2026-07-31,True,False,temporal_mlp/brier_score/market=us: fewer than 20 positive events,planned slice retained as not_estimable,retained_not_imputed,2026-08-03T19:01:51+00:00
D0254,predeclared_slice_not_estimable,warning_inference,,,temporal_mlp,2026-05-18,2026-07-31,True,False,temporal_mlp/recall_at_frozen_threshold/market=us: fewer than 20 positive events,planned slice retained as not_estimable,retained_not_imputed,2026-08-03T19:01:51+00:00
D0255,predeclared_slice_not_estimable,warning_inference,,,temporal_mlp,2026-05-18,2026-07-31,True,False,temporal_mlp/average_precision/market=hk: fewer than 20 positive events,planned slice retained as not_estimable,retained_not_imputed,2026-08-03T19:01:51+00:00
D0256,predeclared_slice_not_estimable,warning_inference,,,temporal_mlp,2026-05-18,2026-07-31,True,False,temporal_mlp/brier_score/market=hk: fewer than 20 positive events,planned slice retained as not_estimable,retained_not_imputed,2026-08-03T19:01:51+00:00
D0257,predeclared_slice_not_estimable,warning_inference,,,temporal_mlp,2026-05-18,2026-07-31,True,False,temporal_mlp/recall_at_frozen_threshold/market=hk: fewer than 20 positive events,planned slice retained as not_estimable,retained_not_imputed,2026-08-03T19:01:51+00:00
D0258,predeclared_slice_not_estimable,warning_inference,,,temporal_mlp,2026-05-18,2026-07-31,True,False,temporal_mlp/average_precision/market=cn: fewer than 20 positive events,planned slice retained as not_estimable,retained_not_imputed,2026-08-03T19:01:51+00:00
D0259,predeclared_slice_not_estimable,warning_inference,,,temporal_mlp,2026-05-18,2026-07-31,True,False,temporal_mlp/brier_score/market=cn: fewer than 20 positive events,planned slice retained as not_estimable,retained_not_imputed,2026-08-03T19:01:51+00:00
D0260,predeclared_slice_not_estimable,warning_inference,,,temporal_mlp,2026-05-18,2026-07-31,True,False,temporal_mlp/recall_at_frozen_threshold/market=cn: fewer than 20 positive events,planned slice retained as not_estimable,retained_not_imputed,2026-08-03T19:01:51+00:00
D0261,predeclared_slice_not_estimable,warning_inference,,,temporal_mlp,2026-05-18,2026-07-31,True,False,temporal_mlp/average_precision/market=jp: fewer than 20 positive events,planned slice retained as not_estimable,retained_not_imputed,2026-08-03T19:01:51+00:00
D0262,predeclared_slice_not_estimable,warning_inference,,,temporal_mlp,2026-05-18,2026-07-31,True,False,temporal_mlp/brier_score/market=jp: fewer than 20 positive events,planned slice retained as not_estimable,retained_not_imputed,2026-08-03T19:01:51+00:00
D0263,predeclared_slice_not_estimable,warning_inference,,,temporal_mlp,2026-05-18,2026-07-31,True,False,temporal_mlp/recall_at_frozen_threshold/market=jp: fewer than 20 positive events,planned slice retained as not_estimable,retained_not_imputed,2026-08-03T19:01:51+00:00
D0264,predeclared_slice_not_estimable,warning_inference,,,temporal_mlp,2026-05-18,2026-07-31,True,False,temporal_mlp/average_precision/market=tw: fewer than 20 positive events,planned slice retained as not_estimable,retained_not_imputed,2026-08-03T19:01:51+00:00
D0265,predeclared_slice_not_estimable,warning_inference,,,temporal_mlp,2026-05-18,2026-07-31,True,False,temporal_mlp/brier_score/market=tw: fewer than 20 positive events,planned slice retained as not_estimable,retained_not_imputed,2026-08-03T19:01:51+00:00
D0266,predeclared_slice_not_estimable,warning_inference,,,temporal_mlp,2026-05-18,2026-07-31,True,False,temporal_mlp/recall_at_frozen_threshold/market=tw: fewer than 20 positive events,planned slice retained as not_estimable,retained_not_imputed,2026-08-03T19:01:51+00:00
D0267,predeclared_slice_not_estimable,warning_inference,,,temporal_mlp,2026-05-18,2026-07-31,True,False,temporal_mlp/average_precision/period=early: fewer than 40 unique dates,planned slice retained as not_estimable,retained_not_imputed,2026-08-03T19:01:51+00:00
D0268,predeclared_slice_not_estimable,warning_inference,,,temporal_mlp,2026-05-18,2026-07-31,True,False,temporal_mlp/brier_score/period=early: fewer than 40 unique dates,planned slice retained as not_estimable,retained_not_imputed,2026-08-03T19:01:51+00:00
D0269,predeclared_slice_not_estimable,warning_inference,,,temporal_mlp,2026-05-18,2026-07-31,True,False,temporal_mlp/recall_at_frozen_threshold/period=early: fewer than 40 unique dates,planned slice retained as not_estimable,retained_not_imputed,2026-08-03T19:01:51+00:00
D0270,predeclared_slice_not_estimable,warning_inference,,,temporal_mlp,2026-05-18,2026-07-31,True,False,temporal_mlp/average_precision/period=late: fewer than 40 unique dates,planned slice retained as not_estimable,retained_not_imputed,2026-08-03T19:01:51+00:00
D0271,predeclared_slice_not_estimable,warning_inference,,,temporal_mlp,2026-05-18,2026-07-31,True,False,temporal_mlp/brier_score/period=late: fewer than 40 unique dates,planned slice retained as not_estimable,retained_not_imputed,2026-08-03T19:01:51+00:00
D0272,predeclared_slice_not_estimable,warning_inference,,,temporal_mlp,2026-05-18,2026-07-31,True,False,temporal_mlp/recall_at_frozen_threshold/period=late: fewer than 40 unique dates,planned slice retained as not_estimable,retained_not_imputed,2026-08-03T19:01:51+00:00
D0273,predeclared_slice_not_estimable,warning_inference,,,temporal_mlp,2026-05-18,2026-07-31,True,False,temporal_mlp/average_precision/regime=calm: fewer than 40 unique dates,planned slice retained as not_estimable,retained_not_imputed,2026-08-03T19:01:51+00:00
D0274,predeclared_slice_not_estimable,warning_inference,,,temporal_mlp,2026-05-18,2026-07-31,True,False,temporal_mlp/brier_score/regime=calm: fewer than 40 unique dates,planned slice retained as not_estimable,retained_not_imputed,2026-08-03T19:01:51+00:00
D0275,predeclared_slice_not_estimable,warning_inference,,,temporal_mlp,2026-05-18,2026-07-31,True,False,temporal_mlp/recall_at_frozen_threshold/regime=calm: fewer than 40 unique dates,planned slice retained as not_estimable,retained_not_imputed,2026-08-03T19:01:51+00:00
D0276,predeclared_slice_not_estimable,allocation_inference,,,without_model_view,2026-05-18,2026-07-31,True,False,without_model_view/net_mean_log_return/market=us: fewer than eight allocation time blocks or one incomplete portfolio block,planned slice retained as not_estimable,retained_not_imputed,2026-08-03T19:02:24+00:00
D0277,predeclared_slice_not_estimable,allocation_inference,,,without_model_view,2026-05-18,2026-07-31,True,False,without_model_view/net_information_ratio/market=us: fewer than eight allocation time blocks or one incomplete portfolio block,planned slice retained as not_estimable,retained_not_imputed,2026-08-03T19:02:24+00:00
D0278,predeclared_slice_not_estimable,allocation_inference,,,without_model_view,2026-05-18,2026-07-31,True,False,without_model_view/net_mean_log_return/market=hk: fewer than eight allocation time blocks or one incomplete portfolio block,planned slice retained as not_estimable,retained_not_imputed,2026-08-03T19:02:24+00:00
D0279,predeclared_slice_not_estimable,allocation_inference,,,without_model_view,2026-05-18,2026-07-31,True,False,without_model_view/net_information_ratio/market=hk: fewer than eight allocation time blocks or one incomplete portfolio block,planned slice retained as not_estimable,retained_not_imputed,2026-08-03T19:02:24+00:00
D0280,predeclared_slice_not_estimable,allocation_inference,,,without_model_view,2026-05-18,2026-07-31,True,False,without_model_view/net_mean_log_return/market=cn: fewer than eight allocation time blocks or one incomplete portfolio block,planned slice retained as not_estimable,retained_not_imputed,2026-08-03T19:02:24+00:00
D0281,predeclared_slice_not_estimable,allocation_inference,,,without_model_view,2026-05-18,2026-07-31,True,False,without_model_view/net_information_ratio/market=cn: fewer than eight allocation time blocks or one incomplete portfolio block,planned slice retained as not_estimable,retained_not_imputed,2026-08-03T19:02:24+00:00
D0282,predeclared_slice_not_estimable,allocation_inference,,,without_model_view,2026-05-18,2026-07-31,True,False,without_model_view/net_mean_log_return/market=jp: fewer than eight allocation time blocks or one incomplete portfolio block,planned slice retained as not_estimable,retained_not_imputed,2026-08-03T19:02:24+00:00
D0283,predeclared_slice_not_estimable,allocation_inference,,,without_model_view,2026-05-18,2026-07-31,True,False,without_model_view/net_information_ratio/market=jp: fewer than eight allocation time blocks or one incomplete portfolio block,planned slice retained as not_estimable,retained_not_imputed,2026-08-03T19:02:24+00:00
D0284,predeclared_slice_not_estimable,allocation_inference,,,without_model_view,2026-05-18,2026-07-31,True,False,without_model_view/net_mean_log_return/market=tw: fewer than eight allocation time blocks or one incomplete portfolio block,planned slice retained as not_estimable,retained_not_imputed,2026-08-03T19:02:24+00:00
D0285,predeclared_slice_not_estimable,allocation_inference,,,without_model_view,2026-05-18,2026-07-31,True,False,without_model_view/net_information_ratio/market=tw: fewer than eight allocation time blocks or one incomplete portfolio block,planned slice retained as not_estimable,retained_not_imputed,2026-08-03T19:02:24+00:00
D0286,predeclared_slice_not_estimable,allocation_inference,,,without_model_view,2026-05-18,2026-07-31,True,False,without_model_view/net_mean_log_return/regime=calm: fewer than eight allocation time blocks or one incomplete portfolio block,planned slice retained as not_estimable,retained_not_imputed,2026-08-03T19:02:59+00:00
D0287,predeclared_slice_not_estimable,allocation_inference,,,without_model_view,2026-05-18,2026-07-31,True,False,without_model_view/net_information_ratio/regime=calm: fewer than eight allocation time blocks or one incomplete portfolio block,planned slice retained as not_estimable,retained_not_imputed,2026-08-03T19:02:59+00:00
D0288,predeclared_slice_not_estimable,allocation_inference,,,fixed_view_uncertainty,2026-05-18,2026-07-31,True,False,fixed_view_uncertainty/net_mean_log_return/market=us: fewer than eight allocation time blocks or one incomplete portfolio block,planned slice retained as not_estimable,retained_not_imputed,2026-08-03T19:03:52+00:00
D0289,predeclared_slice_not_estimable,allocation_inference,,,fixed_view_uncertainty,2026-05-18,2026-07-31,True,False,fixed_view_uncertainty/net_information_ratio/market=us: fewer than eight allocation time blocks or one incomplete portfolio block,planned slice retained as not_estimable,retained_not_imputed,2026-08-03T19:03:52+00:00
D0290,predeclared_slice_not_estimable,allocation_inference,,,fixed_view_uncertainty,2026-05-18,2026-07-31,True,False,fixed_view_uncertainty/net_mean_log_return/market=hk: fewer than eight allocation time blocks or one incomplete portfolio block,planned slice retained as not_estimable,retained_not_imputed,2026-08-03T19:03:52+00:00
D0291,predeclared_slice_not_estimable,allocation_inference,,,fixed_view_uncertainty,2026-05-18,2026-07-31,True,False,fixed_view_uncertainty/net_information_ratio/market=hk: fewer than eight allocation time blocks or one incomplete portfolio block,planned slice retained as not_estimable,retained_not_imputed,2026-08-03T19:03:52+00:00
D0292,predeclared_slice_not_estimable,allocation_inference,,,fixed_view_uncertainty,2026-05-18,2026-07-31,True,False,fixed_view_uncertainty/net_mean_log_return/market=cn: fewer than eight allocation time blocks or one incomplete portfolio block,planned slice retained as not_estimable,retained_not_imputed,2026-08-03T19:03:52+00:00
D0293,predeclared_slice_not_estimable,allocation_inference,,,fixed_view_uncertainty,2026-05-18,2026-07-31,True,False,fixed_view_uncertainty/net_information_ratio/market=cn: fewer than eight allocation time blocks or one incomplete portfolio block,planned slice retained as not_estimable,retained_not_imputed,2026-08-03T19:03:52+00:00
D0294,predeclared_slice_not_estimable,allocation_inference,,,fixed_view_uncertainty,2026-05-18,2026-07-31,True,False,fixed_view_uncertainty/net_mean_log_return/market=jp: fewer than eight allocation time blocks or one incomplete portfolio block,planned slice retained as not_estimable,retained_not_imputed,2026-08-03T19:03:52+00:00
D0295,predeclared_slice_not_estimable,allocation_inference,,,fixed_view_uncertainty,2026-05-18,2026-07-31,True,False,fixed_view_uncertainty/net_information_ratio/market=jp: fewer than eight allocation time blocks or one incomplete portfolio block,planned slice retained as not_estimable,retained_not_imputed,2026-08-03T19:03:52+00:00
D0296,predeclared_slice_not_estimable,allocation_inference,,,fixed_view_uncertainty,2026-05-18,2026-07-31,True,False,fixed_view_uncertainty/net_mean_log_return/market=tw: fewer than eight allocation time blocks or one incomplete portfolio block,planned slice retained as not_estimable,retained_not_imputed,2026-08-03T19:03:52+00:00
D0297,predeclared_slice_not_estimable,allocation_inference,,,fixed_view_uncertainty,2026-05-18,2026-07-31,True,False,fixed_view_uncertainty/net_information_ratio/market=tw: fewer than eight allocation time blocks or one incomplete portfolio block,planned slice retained as not_estimable,retained_not_imputed,2026-08-03T19:03:52+00:00
D0298,predeclared_slice_not_estimable,allocation_inference,,,fixed_view_uncertainty,2026-05-18,2026-07-31,True,False,fixed_view_uncertainty/net_mean_log_return/regime=calm: fewer than eight allocation time blocks or one incomplete portfolio block,planned slice retained as not_estimable,retained_not_imputed,2026-08-03T19:04:29+00:00
D0299,predeclared_slice_not_estimable,allocation_inference,,,fixed_view_uncertainty,2026-05-18,2026-07-31,True,False,fixed_view_uncertainty/net_information_ratio/regime=calm: fewer than eight allocation time blocks or one incomplete portfolio block,planned slice retained as not_estimable,retained_not_imputed,2026-08-03T19:04:29+00:00
D0300,predeclared_slice_not_estimable,allocation_inference,,,fixed_smart_policy,2026-05-18,2026-07-31,True,False,fixed_smart_policy/net_mean_log_return/market=us: fewer than eight allocation time blocks or one incomplete portfolio block,planned slice retained as not_estimable,retained_not_imputed,2026-08-03T19:05:24+00:00
D0301,predeclared_slice_not_estimable,allocation_inference,,,fixed_smart_policy,2026-05-18,2026-07-31,True,False,fixed_smart_policy/net_information_ratio/market=us: fewer than eight allocation time blocks or one incomplete portfolio block,planned slice retained as not_estimable,retained_not_imputed,2026-08-03T19:05:24+00:00
D0302,predeclared_slice_not_estimable,allocation_inference,,,fixed_smart_policy,2026-05-18,2026-07-31,True,False,fixed_smart_policy/net_mean_log_return/market=hk: fewer than eight allocation time blocks or one incomplete portfolio block,planned slice retained as not_estimable,retained_not_imputed,2026-08-03T19:05:24+00:00
D0303,predeclared_slice_not_estimable,allocation_inference,,,fixed_smart_policy,2026-05-18,2026-07-31,True,False,fixed_smart_policy/net_information_ratio/market=hk: fewer than eight allocation time blocks or one incomplete portfolio block,planned slice retained as not_estimable,retained_not_imputed,2026-08-03T19:05:24+00:00
D0304,predeclared_slice_not_estimable,allocation_inference,,,fixed_smart_policy,2026-05-18,2026-07-31,True,False,fixed_smart_policy/net_mean_log_return/market=cn: fewer than eight allocation time blocks or one incomplete portfolio block,planned slice retained as not_estimable,retained_not_imputed,2026-08-03T19:05:24+00:00
D0305,predeclared_slice_not_estimable,allocation_inference,,,fixed_smart_policy,2026-05-18,2026-07-31,True,False,fixed_smart_policy/net_information_ratio/market=cn: fewer than eight allocation time blocks or one incomplete portfolio block,planned slice retained as not_estimable,retained_not_imputed,2026-08-03T19:05:24+00:00
D0306,predeclared_slice_not_estimable,allocation_inference,,,fixed_smart_policy,2026-05-18,2026-07-31,True,False,fixed_smart_policy/net_mean_log_return/market=jp: fewer than eight allocation time blocks or one incomplete portfolio block,planned slice retained as not_estimable,retained_not_imputed,2026-08-03T19:05:24+00:00
D0307,predeclared_slice_not_estimable,allocation_inference,,,fixed_smart_policy,2026-05-18,2026-07-31,True,False,fixed_smart_policy/net_information_ratio/market=jp: fewer than eight allocation time blocks or one incomplete portfolio block,planned slice retained as not_estimable,retained_not_imputed,2026-08-03T19:05:24+00:00
D0308,predeclared_slice_not_estimable,allocation_inference,,,fixed_smart_policy,2026-05-18,2026-07-31,True,False,fixed_smart_policy/net_mean_log_return/market=tw: fewer than eight allocation time blocks or one incomplete portfolio block,planned slice retained as not_estimable,retained_not_imputed,2026-08-03T19:05:24+00:00
D0309,predeclared_slice_not_estimable,allocation_inference,,,fixed_smart_policy,2026-05-18,2026-07-31,True,False,fixed_smart_policy/net_information_ratio/market=tw: fewer than eight allocation time blocks or one incomplete portfolio block,planned slice retained as not_estimable,retained_not_imputed,2026-08-03T19:05:24+00:00
D0310,predeclared_slice_not_estimable,allocation_inference,,,fixed_smart_policy,2026-05-18,2026-07-31,True,False,fixed_smart_policy/net_mean_log_return/regime=calm: fewer than eight allocation time blocks or one incomplete portfolio block,planned slice retained as not_estimable,retained_not_imputed,2026-08-03T19:06:01+00:00
D0311,predeclared_slice_not_estimable,allocation_inference,,,fixed_smart_policy,2026-05-18,2026-07-31,True,False,fixed_smart_policy/net_information_ratio/regime=calm: fewer than eight allocation time blocks or one incomplete portfolio block,planned slice retained as not_estimable,retained_not_imputed,2026-08-03T19:06:01+00:00
D0312,predeclared_slice_not_estimable,allocation_inference,,,guard_disabled,2026-05-18,2026-07-31,True,False,guard_disabled/net_mean_log_return/market=us: fewer than eight allocation time blocks or one incomplete portfolio block,planned slice retained as not_estimable,retained_not_imputed,2026-08-03T19:06:58+00:00
D0313,predeclared_slice_not_estimable,allocation_inference,,,guard_disabled,2026-05-18,2026-07-31,True,False,guard_disabled/net_information_ratio/market=us: fewer than eight allocation time blocks or one incomplete portfolio block,planned slice retained as not_estimable,retained_not_imputed,2026-08-03T19:06:58+00:00
D0314,predeclared_slice_not_estimable,allocation_inference,,,guard_disabled,2026-05-18,2026-07-31,True,False,guard_disabled/net_mean_log_return/market=hk: fewer than eight allocation time blocks or one incomplete portfolio block,planned slice retained as not_estimable,retained_not_imputed,2026-08-03T19:06:58+00:00
D0315,predeclared_slice_not_estimable,allocation_inference,,,guard_disabled,2026-05-18,2026-07-31,True,False,guard_disabled/net_information_ratio/market=hk: fewer than eight allocation time blocks or one incomplete portfolio block,planned slice retained as not_estimable,retained_not_imputed,2026-08-03T19:06:58+00:00
D0316,predeclared_slice_not_estimable,allocation_inference,,,guard_disabled,2026-05-18,2026-07-31,True,False,guard_disabled/net_mean_log_return/market=cn: fewer than eight allocation time blocks or one incomplete portfolio block,planned slice retained as not_estimable,retained_not_imputed,2026-08-03T19:06:58+00:00
D0317,predeclared_slice_not_estimable,allocation_inference,,,guard_disabled,2026-05-18,2026-07-31,True,False,guard_disabled/net_information_ratio/market=cn: fewer than eight allocation time blocks or one incomplete portfolio block,planned slice retained as not_estimable,retained_not_imputed,2026-08-03T19:06:58+00:00
D0318,predeclared_slice_not_estimable,allocation_inference,,,guard_disabled,2026-05-18,2026-07-31,True,False,guard_disabled/net_mean_log_return/market=jp: fewer than eight allocation time blocks or one incomplete portfolio block,planned slice retained as not_estimable,retained_not_imputed,2026-08-03T19:06:58+00:00
D0319,predeclared_slice_not_estimable,allocation_inference,,,guard_disabled,2026-05-18,2026-07-31,True,False,guard_disabled/net_information_ratio/market=jp: fewer than eight allocation time blocks or one incomplete portfolio block,planned slice retained as not_estimable,retained_not_imputed,2026-08-03T19:06:58+00:00
D0320,predeclared_slice_not_estimable,allocation_inference,,,guard_disabled,2026-05-18,2026-07-31,True,False,guard_disabled/net_mean_log_return/market=tw: fewer than eight allocation time blocks or one incomplete portfolio block,planned slice retained as not_estimable,retained_not_imputed,2026-08-03T19:06:58+00:00
D0321,predeclared_slice_not_estimable,allocation_inference,,,guard_disabled,2026-05-18,2026-07-31,True,False,guard_disabled/net_information_ratio/market=tw: fewer than eight allocation time blocks or one incomplete portfolio block,planned slice retained as not_estimable,retained_not_imputed,2026-08-03T19:06:58+00:00
D0322,predeclared_slice_not_estimable,allocation_inference,,,guard_disabled,2026-05-18,2026-07-31,True,False,guard_disabled/net_mean_log_return/regime=calm: fewer than eight allocation time blocks or one incomplete portfolio block,planned slice retained as not_estimable,retained_not_imputed,2026-08-03T19:07:46+00:00
D0323,predeclared_slice_not_estimable,allocation_inference,,,guard_disabled,2026-05-18,2026-07-31,True,False,guard_disabled/net_information_ratio/regime=calm: fewer than eight allocation time blocks or one incomplete portfolio block,planned slice retained as not_estimable,retained_not_imputed,2026-08-03T19:07:46+00:00
D0324,predeclared_slice_not_estimable,allocation_inference,,,risk_inputs_neutralized,2026-05-18,2026-07-31,True,False,risk_inputs_neutralized/net_mean_log_return/market=us: fewer than eight allocation time blocks or one incomplete portfolio block,planned slice retained as not_estimable,retained_not_imputed,2026-08-03T19:08:54+00:00
D0325,predeclared_slice_not_estimable,allocation_inference,,,risk_inputs_neutralized,2026-05-18,2026-07-31,True,False,risk_inputs_neutralized/net_information_ratio/market=us: fewer than eight allocation time blocks or one incomplete portfolio block,planned slice retained as not_estimable,retained_not_imputed,2026-08-03T19:08:54+00:00
D0326,predeclared_slice_not_estimable,allocation_inference,,,risk_inputs_neutralized,2026-05-18,2026-07-31,True,False,risk_inputs_neutralized/net_mean_log_return/market=hk: fewer than eight allocation time blocks or one incomplete portfolio block,planned slice retained as not_estimable,retained_not_imputed,2026-08-03T19:08:54+00:00
D0327,predeclared_slice_not_estimable,allocation_inference,,,risk_inputs_neutralized,2026-05-18,2026-07-31,True,False,risk_inputs_neutralized/net_information_ratio/market=hk: fewer than eight allocation time blocks or one incomplete portfolio block,planned slice retained as not_estimable,retained_not_imputed,2026-08-03T19:08:54+00:00
D0328,predeclared_slice_not_estimable,allocation_inference,,,risk_inputs_neutralized,2026-05-18,2026-07-31,True,False,risk_inputs_neutralized/net_mean_log_return/market=cn: fewer than eight allocation time blocks or one incomplete portfolio block,planned slice retained as not_estimable,retained_not_imputed,2026-08-03T19:08:54+00:00
D0329,predeclared_slice_not_estimable,allocation_inference,,,risk_inputs_neutralized,2026-05-18,2026-07-31,True,False,risk_inputs_neutralized/net_information_ratio/market=cn: fewer than eight allocation time blocks or one incomplete portfolio block,planned slice retained as not_estimable,retained_not_imputed,2026-08-03T19:08:54+00:00
D0330,predeclared_slice_not_estimable,allocation_inference,,,risk_inputs_neutralized,2026-05-18,2026-07-31,True,False,risk_inputs_neutralized/net_mean_log_return/market=jp: fewer than eight allocation time blocks or one incomplete portfolio block,planned slice retained as not_estimable,retained_not_imputed,2026-08-03T19:08:54+00:00
D0331,predeclared_slice_not_estimable,allocation_inference,,,risk_inputs_neutralized,2026-05-18,2026-07-31,True,False,risk_inputs_neutralized/net_information_ratio/market=jp: fewer than eight allocation time blocks or one incomplete portfolio block,planned slice retained as not_estimable,retained_not_imputed,2026-08-03T19:08:54+00:00
D0332,predeclared_slice_not_estimable,allocation_inference,,,risk_inputs_neutralized,2026-05-18,2026-07-31,True,False,risk_inputs_neutralized/net_mean_log_return/market=tw: fewer than eight allocation time blocks or one incomplete portfolio block,planned slice retained as not_estimable,retained_not_imputed,2026-08-03T19:08:54+00:00
D0333,predeclared_slice_not_estimable,allocation_inference,,,risk_inputs_neutralized,2026-05-18,2026-07-31,True,False,risk_inputs_neutralized/net_information_ratio/market=tw: fewer than eight allocation time blocks or one incomplete portfolio block,planned slice retained as not_estimable,retained_not_imputed,2026-08-03T19:08:54+00:00
D0334,predeclared_slice_not_estimable,allocation_inference,,,risk_inputs_neutralized,2026-05-18,2026-07-31,True,False,risk_inputs_neutralized/net_mean_log_return/regime=calm: fewer than eight allocation time blocks or one incomplete portfolio block,planned slice retained as not_estimable,retained_not_imputed,2026-08-03T19:09:34+00:00
D0335,predeclared_slice_not_estimable,allocation_inference,,,risk_inputs_neutralized,2026-05-18,2026-07-31,True,False,risk_inputs_neutralized/net_information_ratio/regime=calm: fewer than eight allocation time blocks or one incomplete portfolio block,planned slice retained as not_estimable,retained_not_imputed,2026-08-03T19:09:34+00:00
D0336,predeclared_slice_not_estimable,allocation_inference,,,regime_input_neutralized,2026-05-18,2026-07-31,True,False,regime_input_neutralized/net_mean_log_return/market=us: fewer than eight allocation time blocks or one incomplete portfolio block,planned slice retained as not_estimable,retained_not_imputed,2026-08-03T19:10:35+00:00
D0337,predeclared_slice_not_estimable,allocation_inference,,,regime_input_neutralized,2026-05-18,2026-07-31,True,False,regime_input_neutralized/net_information_ratio/market=us: fewer than eight allocation time blocks or one incomplete portfolio block,planned slice retained as not_estimable,retained_not_imputed,2026-08-03T19:10:35+00:00
D0338,predeclared_slice_not_estimable,allocation_inference,,,regime_input_neutralized,2026-05-18,2026-07-31,True,False,regime_input_neutralized/net_mean_log_return/market=hk: fewer than eight allocation time blocks or one incomplete portfolio block,planned slice retained as not_estimable,retained_not_imputed,2026-08-03T19:10:35+00:00
D0339,predeclared_slice_not_estimable,allocation_inference,,,regime_input_neutralized,2026-05-18,2026-07-31,True,False,regime_input_neutralized/net_information_ratio/market=hk: fewer than eight allocation time blocks or one incomplete portfolio block,planned slice retained as not_estimable,retained_not_imputed,2026-08-03T19:10:35+00:00
D0340,predeclared_slice_not_estimable,allocation_inference,,,regime_input_neutralized,2026-05-18,2026-07-31,True,False,regime_input_neutralized/net_mean_log_return/market=cn: fewer than eight allocation time blocks or one incomplete portfolio block,planned slice retained as not_estimable,retained_not_imputed,2026-08-03T19:10:35+00:00
D0341,predeclared_slice_not_estimable,allocation_inference,,,regime_input_neutralized,2026-05-18,2026-07-31,True,False,regime_input_neutralized/net_information_ratio/market=cn: fewer than eight allocation time blocks or one incomplete portfolio block,planned slice retained as not_estimable,retained_not_imputed,2026-08-03T19:10:35+00:00
D0342,predeclared_slice_not_estimable,allocation_inference,,,regime_input_neutralized,2026-05-18,2026-07-31,True,False,regime_input_neutralized/net_mean_log_return/market=jp: fewer than eight allocation time blocks or one incomplete portfolio block,planned slice retained as not_estimable,retained_not_imputed,2026-08-03T19:10:35+00:00
D0343,predeclared_slice_not_estimable,allocation_inference,,,regime_input_neutralized,2026-05-18,2026-07-31,True,False,regime_input_neutralized/net_information_ratio/market=jp: fewer than eight allocation time blocks or one incomplete portfolio block,planned slice retained as not_estimable,retained_not_imputed,2026-08-03T19:10:35+00:00
D0344,predeclared_slice_not_estimable,allocation_inference,,,regime_input_neutralized,2026-05-18,2026-07-31,True,False,regime_input_neutralized/net_mean_log_return/market=tw: fewer than eight allocation time blocks or one incomplete portfolio block,planned slice retained as not_estimable,retained_not_imputed,2026-08-03T19:10:35+00:00
D0345,predeclared_slice_not_estimable,allocation_inference,,,regime_input_neutralized,2026-05-18,2026-07-31,True,False,regime_input_neutralized/net_information_ratio/market=tw: fewer than eight allocation time blocks or one incomplete portfolio block,planned slice retained as not_estimable,retained_not_imputed,2026-08-03T19:10:35+00:00
D0346,predeclared_slice_not_estimable,allocation_inference,,,regime_input_neutralized,2026-05-18,2026-07-31,True,False,regime_input_neutralized/net_mean_log_return/regime=calm: fewer than eight allocation time blocks or one incomplete portfolio block,planned slice retained as not_estimable,retained_not_imputed,2026-08-03T19:11:15+00:00
D0347,predeclared_slice_not_estimable,allocation_inference,,,regime_input_neutralized,2026-05-18,2026-07-31,True,False,regime_input_neutralized/net_information_ratio/regime=calm: fewer than eight allocation time blocks or one incomplete portfolio block,planned slice retained as not_estimable,retained_not_imputed,2026-08-03T19:11:15+00:00
D0348,predeclared_slice_not_estimable,allocation_inference,,,anomaly_input_neutralized,2026-05-18,2026-07-31,True,False,anomaly_input_neutralized/net_mean_log_return/market=us: fewer than eight allocation time blocks or one incomplete portfolio block,planned slice retained as not_estimable,retained_not_imputed,2026-08-03T19:12:14+00:00
D0349,predeclared_slice_not_estimable,allocation_inference,,,anomaly_input_neutralized,2026-05-18,2026-07-31,True,False,anomaly_input_neutralized/net_information_ratio/market=us: fewer than eight allocation time blocks or one incomplete portfolio block,planned slice retained as not_estimable,retained_not_imputed,2026-08-03T19:12:14+00:00
D0350,predeclared_slice_not_estimable,allocation_inference,,,anomaly_input_neutralized,2026-05-18,2026-07-31,True,False,anomaly_input_neutralized/net_mean_log_return/market=hk: fewer than eight allocation time blocks or one incomplete portfolio block,planned slice retained as not_estimable,retained_not_imputed,2026-08-03T19:12:14+00:00
D0351,predeclared_slice_not_estimable,allocation_inference,,,anomaly_input_neutralized,2026-05-18,2026-07-31,True,False,anomaly_input_neutralized/net_information_ratio/market=hk: fewer than eight allocation time blocks or one incomplete portfolio block,planned slice retained as not_estimable,retained_not_imputed,2026-08-03T19:12:14+00:00
D0352,predeclared_slice_not_estimable,allocation_inference,,,anomaly_input_neutralized,2026-05-18,2026-07-31,True,False,anomaly_input_neutralized/net_mean_log_return/market=cn: fewer than eight allocation time blocks or one incomplete portfolio block,planned slice retained as not_estimable,retained_not_imputed,2026-08-03T19:12:14+00:00
D0353,predeclared_slice_not_estimable,allocation_inference,,,anomaly_input_neutralized,2026-05-18,2026-07-31,True,False,anomaly_input_neutralized/net_information_ratio/market=cn: fewer than eight allocation time blocks or one incomplete portfolio block,planned slice retained as not_estimable,retained_not_imputed,2026-08-03T19:12:14+00:00
D0354,predeclared_slice_not_estimable,allocation_inference,,,anomaly_input_neutralized,2026-05-18,2026-07-31,True,False,anomaly_input_neutralized/net_mean_log_return/market=jp: fewer than eight allocation time blocks or one incomplete portfolio block,planned slice retained as not_estimable,retained_not_imputed,2026-08-03T19:12:14+00:00
D0355,predeclared_slice_not_estimable,allocation_inference,,,anomaly_input_neutralized,2026-05-18,2026-07-31,True,False,anomaly_input_neutralized/net_information_ratio/market=jp: fewer than eight allocation time blocks or one incomplete portfolio block,planned slice retained as not_estimable,retained_not_imputed,2026-08-03T19:12:14+00:00
D0356,predeclared_slice_not_estimable,allocation_inference,,,anomaly_input_neutralized,2026-05-18,2026-07-31,True,False,anomaly_input_neutralized/net_mean_log_return/market=tw: fewer than eight allocation time blocks or one incomplete portfolio block,planned slice retained as not_estimable,retained_not_imputed,2026-08-03T19:12:14+00:00
D0357,predeclared_slice_not_estimable,allocation_inference,,,anomaly_input_neutralized,2026-05-18,2026-07-31,True,False,anomaly_input_neutralized/net_information_ratio/market=tw: fewer than eight allocation time blocks or one incomplete portfolio block,planned slice retained as not_estimable,retained_not_imputed,2026-08-03T19:12:14+00:00
D0358,predeclared_slice_not_estimable,allocation_inference,,,anomaly_input_neutralized,2026-05-18,2026-07-31,True,False,anomaly_input_neutralized/net_mean_log_return/regime=calm: fewer than eight allocation time blocks or one incomplete portfolio block,planned slice retained as not_estimable,retained_not_imputed,2026-08-03T19:12:53+00:00
D0359,predeclared_slice_not_estimable,allocation_inference,,,anomaly_input_neutralized,2026-05-18,2026-07-31,True,False,anomaly_input_neutralized/net_information_ratio/regime=calm: fewer than eight allocation time blocks or one incomplete portfolio block,planned slice retained as not_estimable,retained_not_imputed,2026-08-03T19:12:53+00:00
D0360,predeclared_slice_not_estimable,allocation_inference,,,fixed_weight_bounds,2026-05-18,2026-07-31,True,False,fixed_weight_bounds/net_mean_log_return/market=us: fewer than eight allocation time blocks or one incomplete portfolio block,planned slice retained as not_estimable,retained_not_imputed,2026-08-03T19:13:51+00:00
D0361,predeclared_slice_not_estimable,allocation_inference,,,fixed_weight_bounds,2026-05-18,2026-07-31,True,False,fixed_weight_bounds/net_information_ratio/market=us: fewer than eight allocation time blocks or one incomplete portfolio block,planned slice retained as not_estimable,retained_not_imputed,2026-08-03T19:13:51+00:00
D0362,predeclared_slice_not_estimable,allocation_inference,,,fixed_weight_bounds,2026-05-18,2026-07-31,True,False,fixed_weight_bounds/net_mean_log_return/market=hk: fewer than eight allocation time blocks or one incomplete portfolio block,planned slice retained as not_estimable,retained_not_imputed,2026-08-03T19:13:51+00:00
D0363,predeclared_slice_not_estimable,allocation_inference,,,fixed_weight_bounds,2026-05-18,2026-07-31,True,False,fixed_weight_bounds/net_information_ratio/market=hk: fewer than eight allocation time blocks or one incomplete portfolio block,planned slice retained as not_estimable,retained_not_imputed,2026-08-03T19:13:51+00:00
D0364,predeclared_slice_not_estimable,allocation_inference,,,fixed_weight_bounds,2026-05-18,2026-07-31,True,False,fixed_weight_bounds/net_mean_log_return/market=cn: fewer than eight allocation time blocks or one incomplete portfolio block,planned slice retained as not_estimable,retained_not_imputed,2026-08-03T19:13:51+00:00
D0365,predeclared_slice_not_estimable,allocation_inference,,,fixed_weight_bounds,2026-05-18,2026-07-31,True,False,fixed_weight_bounds/net_information_ratio/market=cn: fewer than eight allocation time blocks or one incomplete portfolio block,planned slice retained as not_estimable,retained_not_imputed,2026-08-03T19:13:51+00:00
D0366,predeclared_slice_not_estimable,allocation_inference,,,fixed_weight_bounds,2026-05-18,2026-07-31,True,False,fixed_weight_bounds/net_mean_log_return/market=jp: fewer than eight allocation time blocks or one incomplete portfolio block,planned slice retained as not_estimable,retained_not_imputed,2026-08-03T19:13:51+00:00
D0367,predeclared_slice_not_estimable,allocation_inference,,,fixed_weight_bounds,2026-05-18,2026-07-31,True,False,fixed_weight_bounds/net_information_ratio/market=jp: fewer than eight allocation time blocks or one incomplete portfolio block,planned slice retained as not_estimable,retained_not_imputed,2026-08-03T19:13:51+00:00
D0368,predeclared_slice_not_estimable,allocation_inference,,,fixed_weight_bounds,2026-05-18,2026-07-31,True,False,fixed_weight_bounds/net_mean_log_return/market=tw: fewer than eight allocation time blocks or one incomplete portfolio block,planned slice retained as not_estimable,retained_not_imputed,2026-08-03T19:13:51+00:00
D0369,predeclared_slice_not_estimable,allocation_inference,,,fixed_weight_bounds,2026-05-18,2026-07-31,True,False,fixed_weight_bounds/net_information_ratio/market=tw: fewer than eight allocation time blocks or one incomplete portfolio block,planned slice retained as not_estimable,retained_not_imputed,2026-08-03T19:13:51+00:00
D0370,predeclared_slice_not_estimable,allocation_inference,,,fixed_weight_bounds,2026-05-18,2026-07-31,True,False,fixed_weight_bounds/net_mean_log_return/regime=calm: fewer than eight allocation time blocks or one incomplete portfolio block,planned slice retained as not_estimable,retained_not_imputed,2026-08-03T19:14:35+00:00
D0371,predeclared_slice_not_estimable,allocation_inference,,,fixed_weight_bounds,2026-05-18,2026-07-31,True,False,fixed_weight_bounds/net_information_ratio/regime=calm: fewer than eight allocation time blocks or one incomplete portfolio block,planned slice retained as not_estimable,retained_not_imputed,2026-08-03T19:14:35+00:00
D0372,predeclared_slice_not_estimable,allocation_inference,,,fixed_turnover_penalty,2026-05-18,2026-07-31,True,False,fixed_turnover_penalty/net_mean_log_return/market=us: fewer than eight allocation time blocks or one incomplete portfolio block,planned slice retained as not_estimable,retained_not_imputed,2026-08-03T19:15:36+00:00
D0373,predeclared_slice_not_estimable,allocation_inference,,,fixed_turnover_penalty,2026-05-18,2026-07-31,True,False,fixed_turnover_penalty/net_information_ratio/market=us: fewer than eight allocation time blocks or one incomplete portfolio block,planned slice retained as not_estimable,retained_not_imputed,2026-08-03T19:15:36+00:00
D0374,predeclared_slice_not_estimable,allocation_inference,,,fixed_turnover_penalty,2026-05-18,2026-07-31,True,False,fixed_turnover_penalty/net_mean_log_return/market=hk: fewer than eight allocation time blocks or one incomplete portfolio block,planned slice retained as not_estimable,retained_not_imputed,2026-08-03T19:15:36+00:00
D0375,predeclared_slice_not_estimable,allocation_inference,,,fixed_turnover_penalty,2026-05-18,2026-07-31,True,False,fixed_turnover_penalty/net_information_ratio/market=hk: fewer than eight allocation time blocks or one incomplete portfolio block,planned slice retained as not_estimable,retained_not_imputed,2026-08-03T19:15:36+00:00
D0376,predeclared_slice_not_estimable,allocation_inference,,,fixed_turnover_penalty,2026-05-18,2026-07-31,True,False,fixed_turnover_penalty/net_mean_log_return/market=cn: fewer than eight allocation time blocks or one incomplete portfolio block,planned slice retained as not_estimable,retained_not_imputed,2026-08-03T19:15:36+00:00
D0377,predeclared_slice_not_estimable,allocation_inference,,,fixed_turnover_penalty,2026-05-18,2026-07-31,True,False,fixed_turnover_penalty/net_information_ratio/market=cn: fewer than eight allocation time blocks or one incomplete portfolio block,planned slice retained as not_estimable,retained_not_imputed,2026-08-03T19:15:36+00:00
D0378,predeclared_slice_not_estimable,allocation_inference,,,fixed_turnover_penalty,2026-05-18,2026-07-31,True,False,fixed_turnover_penalty/net_mean_log_return/market=jp: fewer than eight allocation time blocks or one incomplete portfolio block,planned slice retained as not_estimable,retained_not_imputed,2026-08-03T19:15:36+00:00
D0379,predeclared_slice_not_estimable,allocation_inference,,,fixed_turnover_penalty,2026-05-18,2026-07-31,True,False,fixed_turnover_penalty/net_information_ratio/market=jp: fewer than eight allocation time blocks or one incomplete portfolio block,planned slice retained as not_estimable,retained_not_imputed,2026-08-03T19:15:36+00:00
D0380,predeclared_slice_not_estimable,allocation_inference,,,fixed_turnover_penalty,2026-05-18,2026-07-31,True,False,fixed_turnover_penalty/net_mean_log_return/market=tw: fewer than eight allocation time blocks or one incomplete portfolio block,planned slice retained as not_estimable,retained_not_imputed,2026-08-03T19:15:36+00:00
D0381,predeclared_slice_not_estimable,allocation_inference,,,fixed_turnover_penalty,2026-05-18,2026-07-31,True,False,fixed_turnover_penalty/net_information_ratio/market=tw: fewer than eight allocation time blocks or one incomplete portfolio block,planned slice retained as not_estimable,retained_not_imputed,2026-08-03T19:15:36+00:00
D0382,predeclared_slice_not_estimable,allocation_inference,,,fixed_turnover_penalty,2026-05-18,2026-07-31,True,False,fixed_turnover_penalty/net_mean_log_return/regime=calm: fewer than eight allocation time blocks or one incomplete portfolio block,planned slice retained as not_estimable,retained_not_imputed,2026-08-03T19:16:15+00:00
D0383,predeclared_slice_not_estimable,allocation_inference,,,fixed_turnover_penalty,2026-05-18,2026-07-31,True,False,fixed_turnover_penalty/net_information_ratio/regime=calm: fewer than eight allocation time blocks or one incomplete portfolio block,planned slice retained as not_estimable,retained_not_imputed,2026-08-03T19:16:15+00:00
D0384,predeclared_slice_not_estimable,allocation_inference,,,fixed_concentration_penalty,2026-05-18,2026-07-31,True,False,fixed_concentration_penalty/net_mean_log_return/market=us: fewer than eight allocation time blocks or one incomplete portfolio block,planned slice retained as not_estimable,retained_not_imputed,2026-08-03T19:17:13+00:00
D0385,predeclared_slice_not_estimable,allocation_inference,,,fixed_concentration_penalty,2026-05-18,2026-07-31,True,False,fixed_concentration_penalty/net_information_ratio/market=us: fewer than eight allocation time blocks or one incomplete portfolio block,planned slice retained as not_estimable,retained_not_imputed,2026-08-03T19:17:13+00:00
D0386,predeclared_slice_not_estimable,allocation_inference,,,fixed_concentration_penalty,2026-05-18,2026-07-31,True,False,fixed_concentration_penalty/net_mean_log_return/market=hk: fewer than eight allocation time blocks or one incomplete portfolio block,planned slice retained as not_estimable,retained_not_imputed,2026-08-03T19:17:13+00:00
D0387,predeclared_slice_not_estimable,allocation_inference,,,fixed_concentration_penalty,2026-05-18,2026-07-31,True,False,fixed_concentration_penalty/net_information_ratio/market=hk: fewer than eight allocation time blocks or one incomplete portfolio block,planned slice retained as not_estimable,retained_not_imputed,2026-08-03T19:17:13+00:00
D0388,predeclared_slice_not_estimable,allocation_inference,,,fixed_concentration_penalty,2026-05-18,2026-07-31,True,False,fixed_concentration_penalty/net_mean_log_return/market=cn: fewer than eight allocation time blocks or one incomplete portfolio block,planned slice retained as not_estimable,retained_not_imputed,2026-08-03T19:17:13+00:00
D0389,predeclared_slice_not_estimable,allocation_inference,,,fixed_concentration_penalty,2026-05-18,2026-07-31,True,False,fixed_concentration_penalty/net_information_ratio/market=cn: fewer than eight allocation time blocks or one incomplete portfolio block,planned slice retained as not_estimable,retained_not_imputed,2026-08-03T19:17:13+00:00
D0390,predeclared_slice_not_estimable,allocation_inference,,,fixed_concentration_penalty,2026-05-18,2026-07-31,True,False,fixed_concentration_penalty/net_mean_log_return/market=jp: fewer than eight allocation time blocks or one incomplete portfolio block,planned slice retained as not_estimable,retained_not_imputed,2026-08-03T19:17:13+00:00
D0391,predeclared_slice_not_estimable,allocation_inference,,,fixed_concentration_penalty,2026-05-18,2026-07-31,True,False,fixed_concentration_penalty/net_information_ratio/market=jp: fewer than eight allocation time blocks or one incomplete portfolio block,planned slice retained as not_estimable,retained_not_imputed,2026-08-03T19:17:13+00:00
D0392,predeclared_slice_not_estimable,allocation_inference,,,fixed_concentration_penalty,2026-05-18,2026-07-31,True,False,fixed_concentration_penalty/net_mean_log_return/market=tw: fewer than eight allocation time blocks or one incomplete portfolio block,planned slice retained as not_estimable,retained_not_imputed,2026-08-03T19:17:13+00:00
D0393,predeclared_slice_not_estimable,allocation_inference,,,fixed_concentration_penalty,2026-05-18,2026-07-31,True,False,fixed_concentration_penalty/net_information_ratio/market=tw: fewer than eight allocation time blocks or one incomplete portfolio block,planned slice retained as not_estimable,retained_not_imputed,2026-08-03T19:17:13+00:00
D0394,predeclared_slice_not_estimable,allocation_inference,,,fixed_concentration_penalty,2026-05-18,2026-07-31,True,False,fixed_concentration_penalty/net_mean_log_return/regime=calm: fewer than eight allocation time blocks or one incomplete portfolio block,planned slice retained as not_estimable,retained_not_imputed,2026-08-03T19:17:56+00:00
D0395,predeclared_slice_not_estimable,allocation_inference,,,fixed_concentration_penalty,2026-05-18,2026-07-31,True,False,fixed_concentration_penalty/net_information_ratio/regime=calm: fewer than eight allocation time blocks or one incomplete portfolio block,planned slice retained as not_estimable,retained_not_imputed,2026-08-03T19:17:56+00:00
